,,,,,,,,,
$285.87,Payment Received,PayPal Fee,Postage,Other Costs,,,,DVD Cost:,1
,"$4,925.02",-$436.53,"-$2,128.33","-$2,074.30",,$285.87,,,
1/1/2015,$3.19,-$0.39,-$2.09,,Master and Commander,,-$0.29,,
1/1/2015,$14.14,-$0.71,-$2.09,,Pride and Prejudice,,$10.34,,
1/1/2015,,$0.00,,-$55.00,Purchased DVDs,,-$56.00,,
1/1/2015,,$0.00,,-$3.50,Refund for Get Smart,,-$4.50,,
1/1/2015,$3.14,-$0.39,-$2.25,,Ronin,,-$0.50,,
1/1/2015,$55.00,-$1.90,-$5.74,-$47.37,Sold Whirlpool Water Filters,,-$1.01,,
1/1/2015,$3.19,-$0.39,-$1.38,,Taking Lives,,$0.42,,
1/1/2015,$2.94,-$0.39,-$1.38,,The Bone Collector,,$0.17,,
1/1/2015,$3.79,-$0.41,-$2.01,,The Twilight Saga: Eclipse,,$0.37,,
1/2/2015,$3.84,-$0.41,-$2.09,,Reign of Fire,,$0.34,,
1/2/2015,$36.00,-$1.34,-$6.94,-$26.29,Sold Fila Women's Jacket,,$0.43,,
1/2/2015,$2.84,-$0.38,-$2.42,,The DaVinci Code,,-$0.96,,
1/2/2015,$2.94,-$0.39,-$2.09,,The Fifth Element,,-$0.54,,
1/2/2015,$4.84,-$0.44,-$2.09,,The Prestige,,$1.31,,
1/2/2015,$5.44,-$0.46,-$2.09,,Where Eagles Dare,,$1.89,,
1/3/2015,$18.99,-$0.85,-$2.93,-$14.50,Baretta Season One,,-$0.29,,
1/3/2015,$3.14,-$0.39,-$2.09,,High Crimes,,-$0.34,,
1/3/2015,$2.84,-$0.38,-$2.01,,King Kong ,,-$0.55,,
1/3/2015,$3.74,-$0.41,-$2.09,,L.A. Confidential,,$0.24,,
1/3/2015,$3.19,-$0.39,-$2.09,,Lost in Space,,-$0.29,,
1/3/2015,$2.94,-$0.39,-$2.09,,Lost in Translation,,-$0.54,,
1/3/2015,$3.34,-$0.40,-$2.09,,Men in Black,,-$0.15,,
1/3/2015,$3.14,-$0.39,-$2.25,,Million Dollar Baby,,-$0.50,,
1/3/2015,$2.84,-$0.38,-$2.09,,Miss Congeniality,,-$0.63,,
1/3/2015,$3.14,-$0.39,-$2.09,,Orange County,,-$0.34,,
1/3/2015,$3.14,-$0.39,-$2.09,,Rumor Has It,,-$0.34,,
1/3/2015,$4.34,-$0.43,-$2.01,,Sleepless in Seattle,,$0.90,,
1/3/2015,$3.14,-$0.39,-$2.09,,Snake eyes,,-$0.34,,
1/3/2015,$2.94,-$0.39,-$2.09,,The Passion of the Christ,,-$0.54,,
1/3/2015,$3.44,-$0.40,-$2.09,,The Punisher,,-$0.05,,
1/3/2015,$4.24,-$0.42,-$2.01,,While You Were Sleeping,,$0.81,,
1/4/2015,$2.94,-$0.39,-$2.09,,Four Brothers,,-$0.54,,
1/4/2015,$3.24,-$0.39,-$2.09,,Hellboy,,-$0.24,,
1/4/2015,$3.14,-$0.39,-$2.09,,Orange County,,-$0.34,,
1/4/2015,$12.44,-$0.66,-$2.09,,Persuasion,,$8.69,,
1/4/2015,$3.94,-$0.41,-$2.09,,Sudden Impact,,$0.44,,
1/4/2015,$2.84,-$0.38,-$2.09,,The Manchurian Candidate,,-$0.63,,
1/4/2015,$3.79,-$0.41,-$2.09,,The Nativity Story,,$0.29,,
1/4/2015,$2.94,-$0.39,-$2.09,,The Passion of the Christ,,-$0.54,,
1/4/2015,$2.94,-$0.39,-$2.09,,Two for the Money,,-$0.54,,
1/4/2015,$3.19,-$0.39,-$2.09,,Wallace & Gromit: The Curse of the Were-Rabbit,,-$0.29,,
1/4/2015,$2.94,-$0.39,-$2.09,,War of the Worlds,,-$0.54,,
1/5/2015,$3.94,-$0.41,-$2.09,,Rain Man,,$0.44,,
1/5/2015,$3.14,-$0.39,-$2.09,,Unfaithful,,-$0.34,,
1/6/2015,$7.49,-$0.52,-$2.25,,Grace of My Heart,,$3.72,,
1/6/2015,$3.14,-$0.39,-$2.09,,U.S. Marshals,,-$0.34,,
1/6/2015,$4.94,-$0.44,-$2.09,,Volcano,,$1.41,,
1/7/2015,$3.14,-$0.39,-$2.09,,Any Given Sunday,,-$0.34,,
1/7/2015,$4.94,-$0.44,-$2.25,,Doc Hollywood / Mr. Wonderful / Michael,,$1.25,,
1/7/2015,$3.14,-$0.39,-$2.01,,Phone Booth,,-$0.26,,
1/7/2015,,$0.00,,-$19.20,Purchased Packing Tape,,-$20.20,,
1/7/2015,$4.15,-$0.42,-$2.09,,Sea of Love,,$0.64,,
1/7/2015,$3.94,-$0.41,-$2.25,,The Rock,,$0.28,,
1/7/2015,$2.89,-$0.38,-$2.25,,United 93,,-$0.74,,
1/8/2015,$4.54,-$0.43,-$2.25,,Gattaca,,$0.86,,
1/8/2015,$3.94,-$0.41,-$2.09,,Josie and the Pussycats,,$0.44,,
1/8/2015,$4.84,-$0.44,-$2.01,,Scent of a Woman,,$1.39,,
1/8/2015,$6.94,-$0.50,-$2.09,,Shadow of Doubt,,$3.35,,
1/9/2015,$3.19,-$0.39,-$2.09,,40 Days and 40 Nights,,-$0.29,,
1/9/2015,$3.54,-$0.40,-$2.42,,A Beautiful Mind,,-$0.28,,
1/9/2015,$3.19,-$0.39,-$2.09,,Braveheart,,-$0.29,,
1/9/2015,$3.94,-$0.41,-$2.09,,Sleepless in Seattle,,$0.44,,
1/9/2015,$3.04,-$0.39,-$2.09,,Spy Game,,-$0.44,,
1/9/2015,$5.84,-$0.47,-$2.09,,The Man Who Cried,,$2.28,,
1/9/2015,$2.94,-$0.39,-$2.25,,Traffic,,-$0.70,,
1/11/2015,$3.24,-$0.39,-$2.09,,About a Boy,,-$0.24,,
1/11/2015,$3.04,-$0.39,-$2.25,,Aeon Flux,,-$0.60,,
1/11/2015,$3.54,-$0.40,-$2.09,,Red Planet,,$0.05,,
1/11/2015,$3.64,-$0.41,-$2.09,,Space Cowboys,,$0.14,,
1/11/2015,$3.64,-$0.41,-$2.09,,White Oleander,,$0.14,,
1/12/2015,$3.19,-$0.39,-$2.09,,Green Zone,,-$0.29,,
1/12/2015,$3.94,-$0.41,-$2.09,,Higher Learning,,$0.44,,
1/12/2015,$6.50,-$0.49,-$2.09,-$2.92,Sold Tier 1 Replacement Water Filter,,$0.00,,
1/12/2015,$5.44,-$0.46,-$2.09,,Spies Like Us/Nothing But Trouble,,$1.89,,
1/12/2015,$5.89,-$0.47,-$2.09,,The Mummy Collector's Set,,$2.33,,
1/13/2015,$3.14,-$0.39,-$2.01,,Meet John Doe,,-$0.26,,
1/13/2015,$3.94,-$0.41,-$2.01,,Murder 101,,$0.52,,
1/13/2015,$3.34,-$0.40,-$2.25,,The Sum of All Fears,,-$0.31,,
1/14/2015,$7.94,-$0.53,-$2.09,,Attack of the Puppet People,,$4.32,,
1/14/2015,$3.94,-$0.41,-$2.09,,Children of a Lesser God,,$0.44,,
1/14/2015,$8.44,-$0.54,-$2.09,,Return of the Living Dead 2,,$4.81,,
1/14/2015,$4.34,-$0.43,-$2.09,,The Great Escape,,$0.82,,
1/14/2015,$3.84,-$0.41,-$2.09,,The Skeleton Key,,$0.34,,
1/15/2015,$3.94,-$0.41,-$2.01,,The Shawshank Redemption,,$0.52,,
1/15/2015,$3.84,-$0.41,-$2.09,,Trading Places,,$0.34,,
1/16/2015,$2.94,-$0.39,-$2.09,,Intolerable Cruelty,,-$0.54,,
1/16/2015,$3.94,-$0.41,-$2.09,,Love and Basketball,,$0.44,,
1/16/2015,$3.44,-$0.40,-$2.25,,The Saint,,-$0.21,,
1/17/2015,$3.24,-$0.39,-$2.09,,Beowulf,,-$0.24,,
1/17/2015,$4.44,-$0.43,-$2.09,,Mars Needs Women,,$0.92,,
1/17/2015,$2.74,-$0.38,-$2.09,,Miracle,,-$0.73,,
1/17/2015,,,,-$30.00,Purchased DVDs,,-$31.00,,
1/17/2015,$4.94,-$0.44,-$2.09,,Thelma & Louise / Fargo,,$1.41,,
1/18/2015,$3.24,-$0.39,-$2.09,,Bride Wars,,-$0.24,,
1/18/2015,$8.24,-$0.54,-$2.01,,Captain America: The First Avenger,,$4.69,,
1/18/2015,$3.54,-$0.40,-$2.25,,Ghostbusters 2,,-$0.11,,
1/18/2015,$3.94,-$0.41,-$2.09,,Stealing Home,,$0.44,,
1/18/2015,$2.89,-$0.38,-$2.09,,Stuck on You,,-$0.58,,
1/18/2015,$3.94,-$0.41,-$2.01,,The Taking of Pelham One Two Three,,$0.52,,
1/18/2015,$6.84,-$0.50,-$2.09,,The Tin Star,,$3.25,,
1/18/2015,$3.74,-$0.41,-$2.09,,What Lies Beneath,,$0.24,,
1/20/2015,$8.59,-$0.55,-$2.09,,Cat Ballou,,$4.95,,
1/20/2015,,,,-$81.86,eBay Fees,,-$82.86,,
1/20/2015,$3.94,-$0.41,-$2.09,,"It's a Mad, Mad, Mad, Mad World",,$0.44,,
1/20/2015,$3.94,-$0.41,-$2.09,,Private Benjamin,,$0.44,,
1/20/2015,$3.84,-$0.41,-$2.09,,Striking Distance,,$0.34,,
1/20/2015,$2.94,-$0.39,-$2.09,,The Italian Job,,-$0.54,,
1/21/2015,$4.94,-$0.44,-$2.09,,The Faculty,,$1.41,,
1/21/2015,$3.84,-$0.41,-$2.42,,The Fifth Element,,$0.01,,
1/21/2015,$2.74,-$0.38,-$2.09,,The Manchurian Candidate,,-$0.73,,
1/21/2015,$3.24,-$0.39,-$2.09,,The Outlaw,,-$0.24,,
1/21/2015,$5.24,-$0.45,-$2.01,,The Seventh Sign,,$1.78,,
1/22/2015,$3.84,-$0.41,-$2.09,,Blazing Saddles,,$0.34,,
1/22/2015,$3.94,-$0.41,-$2.09,,Schoolhouse Rock!,,$0.44,,
1/22/2015,$3.14,-$0.39,-$2.09,,Underworld: Eveolution,,-$0.34,,
1/23/2015,$2.94,-$0.39,-$2.09,,All About Steve,,-$0.54,,
1/23/2015,$2.89,-$0.38,-$2.09,,American Wedding,,-$0.58,,
1/23/2015,$7.05,-$0.50,-$2.93,,Fear and Loathing in Las Vegas,,$2.62,,
1/23/2015,$3.14,-$0.39,-$2.09,,Inventing the Abbots,,-$0.34,,
1/23/2015,$3.04,-$0.39,-$2.09,,March of the Penguins,,-$0.44,,
1/23/2015,$3.14,-$0.39,-$2.09,,Meet the Parents,,-$0.34,,
1/23/2015,$3.24,-$0.39,-$2.25,,Primal Fear,,-$0.40,,
1/23/2015,$2.94,-$0.39,-$2.01,,Rendition,,-$0.46,,
1/23/2015,$3.24,-$0.39,-$2.09,,Someone Like You,,-$0.24,,
1/23/2015,$2.94,-$0.39,-$2.09,,Tears of the Sun,,-$0.54,,
1/23/2015,$3.34,-$0.40,-$2.01,,The First Wives Club,,-$0.07,,
1/24/2015,$2.84,-$0.38,-$2.09,,Ocean's Thirteen,,-$0.63,,
1/24/2015,$2.94,-$0.39,-$2.09,,Out of Time,,-$0.54,,
1/24/2015,$3.24,-$0.39,-$2.09,,Revolver,,-$0.24,,
1/24/2015,$3.24,-$0.39,-$2.42,,Snatch,,-$0.57,,
1/24/2015,$3.14,-$0.39,-$2.09,,The Island,,-$0.34,,
1/24/2015,$3.24,-$0.39,-$2.09,,When a Stranger Calls,,-$0.24,,
1/25/2015,$5.44,-$0.46,-$2.09,,Eye for an Eye,,$1.89,,
1/25/2015,$3.24,-$0.39,-$2.09,,Layer Cake,,-$0.24,,
1/25/2015,$3.94,-$0.41,-$2.09,,Singles,,$0.44,,
1/25/2015,$3.24,-$0.39,-$2.09,,The Darjeelinig Limited,,-$0.24,,
1/25/2015,$4.25,-$0.42,-$2.09,,The Notorious Bettie Page,,$0.74,,
1/25/2015,$2.94,-$0.39,-$2.09,,The Stepford Wives,,-$0.54,,
1/25/2015,$2.94,-$0.39,-$2.09,,Three Kings,,-$0.54,,
1/26/2015,$2.94,-$0.39,-$2.09,,American Beauty,,-$0.54,,
1/26/2015,$3.14,-$0.39,-$2.09,,Bandits,,-$0.34,,
1/26/2015,$3.24,-$0.39,-$2.09,,Catch Me If You Can,,-$0.24,,
1/26/2015,$3.64,-$0.41,-$2.09,,No Country for Old Men,,$0.14,,
1/26/2015,$3.24,-$0.39,-$2.09,,Training Day,,-$0.24,,
1/26/2015,$2.94,-$0.39,-$2.09,,While You Were Sleeping,,-$0.54,,
1/26/2015,$3.24,-$0.39,-$2.09,,,,-$0.24,,
1/27/2015,$3.24,-$0.39,-$2.09,,13 Going on 30,,-$0.24,,
1/27/2015,$4.94,-$0.44,-$2.09,,Apocalypto,,$1.41,,
1/27/2015,$7.74,-$0.52,-$2.09,,Dagon,,$4.13,,
1/27/2015,$3.24,-$0.39,-$2.09,,Full Metal Jacket,,-$0.24,,
1/27/2015,$3.94,-$0.41,-$2.09,,La Vie en Rose,,$0.44,,
1/27/2015,$3.44,-$0.40,-$2.09,,My Man Godfrey,,-$0.05,,
1/27/2015,$21.94,-$0.94,-$2.42,,Mystery Science Theater 3000: The Essentials ,,$17.58,,
1/27/2015,,,,-$40.00,Purchased DVDs,,-$41.00,,
1/27/2015,$2.44,-$0.37,-$2.09,,The Bachelor,,-$1.02,,
1/28/2015,$3.54,-$0.40,-$2.09,,Bringing Out the Dead,,$0.05,,
1/28/2015,$3.24,-$0.39,-$2.09,,Hot Fuzz,,-$0.24,,
1/28/2015,$2.94,-$0.39,-$2.09,,Kill Bill Volume 2,,-$0.54,,
1/28/2015,$3.94,-$0.41,-$2.09,,Primal Fear,,$0.44,,
1/28/2015,$37.99,-$1.40,-$7.68,,Sold Columbia Fleece Jacket,,$27.91,,
1/29/2015,$2.94,-$0.39,-$2.09,,Basic,,-$0.54,,
1/29/2015,$3.24,-$0.39,-$2.09,,Hostel: Part II,,-$0.24,,
1/31/2015,$3.24,-$0.39,-$2.01,,Bella,,-$0.16,,
1/31/2015,$3.94,-$0.41,-$2.01,,Edward Scissorhands,,$0.52,,
1/31/2015,$3.24,-$0.39,-$2.09,,Indecent Proposal,,-$0.24,,
1/31/2015,,$0.00,,-$9.99,Purchased Envelopes,,-$10.99,,
1/31/2015,,$0.00,,-$4.94,Refund for Apocalypto - dvd never arrived,,-$5.94,,
1/31/2015,$3.24,-$0.39,-$2.25,,Scary Movie,,-$0.40,,
1/31/2015,$3.84,-$0.41,-$2.09,,Vegas Vacation,,$0.34,,
2/1/2015,$3.74,-$0.41,-$2.09,,Bonfire of the Vanities,,$0.24,,
2/1/2015,$3.24,-$0.39,-$2.09,,Dave,,-$0.24,,
2/1/2015,$3.94,-$0.41,-$2.01,,Enemy at the Gates,,$0.52,,
2/1/2015,$3.24,-$0.39,-$2.09,,Fight Club,,-$0.24,,
2/1/2015,$3.24,-$0.39,-$2.25,,Killing Zoe,,-$0.40,,
2/1/2015,$3.84,-$0.41,-$2.09,,The Chronicles of Narnia: Prince Caspian,,$0.34,,
2/1/2015,$19.50,-$0.87,-$3.17,,The Dark Knight Trilogy,,$14.46,,
2/1/2015,$9.94,-$0.59,-$2.76,-$10.87,The Drew Carey Show Season 1,,-$5.28,,
2/2/2015,$3.04,-$0.39,-$2.09,,Sky Captain and the World of Tomorrow,,-$0.44,,
2/2/2015,$3.14,-$0.39,-$2.09,,Thank You for Smoking,,-$0.34,,
2/2/2015,$3.94,-$0.41,-$2.09,,The Ladykillers,,$0.44,,
2/2/2015,$3.04,-$0.39,-$2.09,,The Marine,,-$0.44,,
2/2/2015,$3.24,-$0.39,-$2.09,,The Other Guys,,-$0.24,,
2/3/2015,$2.94,-$0.39,-$2.09,,Anger Management,,-$0.54,,
2/3/2015,$3.54,-$0.40,-$2.09,,Chicago,,$0.05,,
2/3/2015,$3.24,-$0.39,-$2.01,,Heat,,-$0.16,,
2/3/2015,$2.94,-$0.39,-$2.09,,High Crimes,,-$0.54,,
2/4/2015,$3.24,-$0.39,-$2.09,,American Beauty,,-$0.24,,
2/4/2015,$3.94,-$0.41,-$2.09,,Harry Potter and the Half-Blood Prince,,$0.44,,
2/4/2015,$4.04,-$0.42,-$2.09,,Road House,,$0.53,,
2/4/2015,$5.94,-$0.47,-$2.09,,The Chronicles of Narnia: Voyage of the Dawn Treader,,$2.38,,
2/4/2015,$3.24,-$0.39,-$2.09,,U-571,,-$0.24,,
2/4/2015,$3.64,-$0.41,-$2.09,,UFC: Ultimate Knockouts 3,,$0.14,,
2/5/2015,$2.94,-$0.39,-$2.01,,Batman Begins,,-$0.46,,
2/5/2015,$3.34,-$0.40,-$2.09,,Driven,,-$0.15,,
2/5/2015,$3.94,-$0.41,-$2.42,,Harry Potter and the Deathly Hallows,,$0.11,,
2/5/2015,$3.44,-$0.40,-$2.09,,Harry Potter and the Sorcerer's Stone,,-$0.05,,
2/5/2015,$3.14,-$0.39,-$2.09,,Once Upon a Time in Mexico,,-$0.34,,
2/5/2015,$2.94,-$0.39,-$2.09,-$14.60,Purchased Bubble Wrap,,-$15.14,,
2/5/2015,$3.84,-$0.41,-$2.25,,Rent,,$0.18,,
2/5/2015,$3.74,-$0.41,-$2.01,,Tin Cup,,$0.32,,
2/5/2015,$7.44,-$0.52,-$2.93,,WWF - The Greatest Wrestling Stars of the '80s,,$2.99,,
2/6/2015,$6.34,-$0.48,-$2.42,,Cape Fear,,$2.44,,
2/6/2015,$3.74,-$0.41,-$2.09,,Coma,,$0.24,,
2/6/2015,$3.24,-$0.39,-$2.09,,Devil's Advocate / Insomnia,,-$0.24,,
2/6/2015,$3.24,-$0.39,-$2.25,,Forgetting Sara Marshall,,-$0.40,,
2/6/2015,$13.64,-$0.70,-$0.23,,How to Succeed in Business Without Really Trying,,$11.72,,
2/6/2015,$2.94,-$0.39,-$2.09,,Intolerable Cruelty,,-$0.54,,
2/6/2015,$3.14,-$0.39,-$2.09,,L.A. Story,,-$0.34,,
2/6/2015,$2.74,-$0.38,-$2.09,,Ocean's Eleven,,-$0.73,,
2/6/2015,$2.94,-$0.39,-$2.09,,Old School,,-$0.54,,
2/6/2015,,$0.00,,-$19.40,Purchased Packing Tape,,-$20.40,,
2/6/2015,$3.94,-$0.41,-$2.09,,"The Chronicles of Narnia: The Lion, The Witch, and the Wardrobe",,$0.44,,
2/6/2015,$3.94,-$0.41,-$2.09,,The January Man,,$0.44,,
2/6/2015,$3.94,-$0.41,-$2.09,,The Skeleton Key,,$0.44,,
2/7/2015,$3.14,-$0.39,-$2.09,,Eye of the Beholder,,-$0.34,,
2/7/2015,$2.94,-$0.39,-$2.09,,Harry Potter and the Chamber of Secrets,,-$0.54,,
2/7/2015,$3.14,-$0.39,-$2.09,,Hollow Man,,-$0.34,,
2/7/2015,$4.14,-$0.42,-$2.09,,Murder in the First,,$0.63,,
2/8/2015,$3.74,-$0.41,-$2.09,,BASEketball,,$0.24,,
2/8/2015,$3.24,-$0.39,-$2.09,,Disturbia,,-$0.24,,
2/8/2015,$3.94,-$0.41,-$2.09,,Half Baked,,$0.44,,
2/8/2015,$3.34,-$0.40,-$2.09,,Rush Hour,,-$0.15,,
2/8/2015,$3.94,-$0.41,-$2.09,,Step Brothers,,$0.44,,
2/8/2015,$3.94,-$0.41,-$2.09,,The Expendables,,$0.44,,
2/8/2015,$4.94,-$0.44,-$2.09,,The Machinist,,$1.41,,
2/8/2015,$4.84,-$0.44,-$2.09,,Waiting,,$1.31,,
2/9/2015,$3.24,-$0.39,-$2.09,,Al Capone: The Rise and Fall,,-$0.24,,
2/9/2015,$2.94,-$0.39,-$2.09,,Borat,,-$0.54,,
2/9/2015,$3.24,-$0.39,-$2.09,,Clue,,-$0.24,,
2/9/2015,$3.44,-$0.40,-$2.09,,Harry Potter and the Goblet of Fire,,-$0.05,,
2/9/2015,$3.44,-$0.40,-$2.09,,The Hurricane,,-$0.05,,
2/9/2015,$3.24,-$0.39,-$2.09,,The Time of Your Life,,-$0.24,,
2/9/2015,$3.24,-$0.39,-$2.09,,Tower Heist,,-$0.24,,
2/10/2015,$6.94,-$0.50,-$2.09,,Broadcast News,,$3.35,,
2/10/2015,$2.64,-$0.38,-$2.09,,Little Miss Sunshine,,-$0.83,,
2/10/2015,$3.24,-$0.39,-$2.09,,The Transporter,,-$0.24,,
2/11/2015,$3.24,-$0.39,-$2.09,,Garden State,,-$0.24,,
2/11/2015,$3.24,-$0.39,-$2.09,,Monster's Ball,,-$0.24,,
2/11/2015,$3.24,-$0.39,-$2.09,,Talladega Nights,,-$0.24,,
2/12/2015,$6.44,-$0.49,-$2.09,,Alive,,$2.86,,
2/12/2015,$14.83,-$0.73,-$2.09,,Deep Sea Blu-ray,,$11.01,,
2/12/2015,$3.24,-$0.39,-$2.09,,Fun with Dick and Jane,,-$0.24,,
2/12/2015,$4.74,-$0.44,-$2.09,,Paranormal Activity Blu-ray,,$1.21,,
2/12/2015,$4.24,-$0.42,-$2.09,,Sweet November,,$0.73,,
2/12/2015,$2.94,-$0.39,-$2.09,,The 40-Year-Old Virgin,,-$0.54,,
2/12/2015,$2.94,-$0.39,-$2.09,,The Interpreter,,-$0.54,,
2/13/2015,$3.44,-$0.40,-$2.09,,A Fish Called Wanda,,-$0.05,,
2/13/2015,$3.24,-$0.39,-$2.09,,Blackhawk Down,,-$0.24,,
2/13/2015,$5.44,-$0.46,-$2.09,,Dead and Gone,,$1.89,,
2/13/2015,$2.94,-$0.39,-$2.09,,Mission Impossible 3,,-$0.54,,
2/15/2015,$3.24,-$0.39,-$2.09,,Angel and the Badman,,-$0.24,,
2/15/2015,$2.94,-$0.39,-$2.09,,Frailty,,-$0.54,,
2/15/2015,$4.24,-$0.42,-$2.09,,The Rise and Fall of ECW,,$0.73,,
2/17/2015,$3.24,-$0.39,-$2.09,,Blue Steel,,-$0.24,,
2/17/2015,$4.04,-$0.42,-$2.09,,Born to be Wild,,$0.53,,
2/17/2015,$3.24,-$0.39,-$2.09,,Rambo,,-$0.24,,
2/17/2015,,$0.00,,-$2.94,Refund for Old School,,-$3.94,,
2/18/2015,$5.24,-$0.45,-$2.09,,Return of the Living Dead 5,,$1.70,,
2/19/2015,$3.14,-$0.39,-$2.09,,Ali,,-$0.34,,
2/19/2015,$3.24,-$0.39,-$2.09,,Bad Santa,,-$0.24,,
2/19/2015,$3.44,-$0.40,-$2.09,,Critters,,-$0.05,,
2/19/2015,$3.84,-$0.41,-$2.09,,Harry Potter and the Prisoner of Azkaban,,$0.34,,
2/19/2015,$3.54,-$0.40,-$2.09,,Hellboy,,$0.05,,
2/19/2015,$3.34,-$0.40,-$2.09,,Space Cowboys,,-$0.15,,
2/19/2015,$7.24,-$0.51,-$2.09,,The Self-Destruction of the Ultimate Warrior,,$3.64,,
2/20/2015,,,,-$61.11,eBay Fees,,-$62.11,,
2/20/2015,$4.94,-$0.44,-$2.09,,The Beast,,$1.41,,
2/20/2015,$3.34,-$0.40,-$2.09,,Up In Smoke,,-$0.15,,
2/21/2015,$6.64,-$0.49,-$2.09,,Creature Comforts,,$3.06,,
2/21/2015,$3.84,-$0.41,-$2.25,,Fast Food Nation,,$0.18,,
2/21/2015,$20.14,-$0.88,-$2.92,,Kojak Season 2,,$15.34,,
2/21/2015,$3.24,-$0.39,-$2.76,,Rocky Collector's Editon,,-$0.91,,
2/22/2015,$3.34,-$0.40,-$2.01,,50/50,,-$0.07,,
2/22/2015,$5.88,-$0.47,-$3.01,,"Blade 2
Suicide Kings",,$1.40,,
2/22/2015,$2.94,-$0.39,-$2.25,,Deeply,,-$0.70,,
2/22/2015,$3.84,-$0.41,-$2.09,,Friday,,$0.34,,
2/22/2015,$3.94,-$0.41,-$2.09,,Goodfellas,,$0.44,,
2/22/2015,$2.94,-$0.39,-$2.09,,Mystic River,,-$0.54,,
2/22/2015,$3.44,-$0.40,-$2.01,,Once Upon a Time in the West,,$0.03,,
2/22/2015,$2.94,-$0.39,-$2.01,,Syriana,,-$0.46,,
2/22/2015,$3.64,-$0.41,-$2.09,,The Curious Case of Benjamin Button,,$0.14,,
2/22/2015,$3.24,-$0.39,-$2.09,,Torque,,-$0.24,,
2/22/2015,$3.24,-$0.39,-$2.09,,Vacancy,,-$0.24,,
2/22/2015,$5.64,-$0.46,-$2.25,,Wake Island / To Hell and Back / ...,,$1.93,,
2/22/2015,$5.74,-$0.47,-$2.76,,Why We Fight,,$1.51,,
2/23/2015,$2.84,-$0.38,-$2.09,,Saw,,-$0.63,,
2/23/2015,$6.94,-$0.50,-$2.25,,The Butler,,$3.19,,
2/24/2015,$3.24,-$0.39,-$2.09,,Ace Ventura: When Nature Calls,,-$0.24,,
2/24/2015,$6.74,-$0.50,,,Curb Your Enthusiasm Season 4,,$5.24,,
2/24/2015,$4.54,-$0.43,,,Eastbound and Down Season 1,,$3.11,,
2/24/2015,$3.94,-$0.41,-$2.09,,The Game,,$0.44,,
2/25/2015,$6.14,-$0.48,-$2.09,,Armageddon,,$2.57,,
2/25/2015,$3.74,-$0.41,-$2.25,,Field of Dreams,,$0.08,,
2/25/2015,$3.24,-$0.39,-$2.09,,Paranormal Activity 2 Blu-ray,,-$0.24,,
2/25/2015,$3.24,-$0.39,-$2.09,,Shooter,,-$0.24,,
2/25/2015,$2.94,-$0.39,-$2.09,,The Corruptor,,-$0.54,,
2/26/2015,$3.24,-$0.39,-$2.09,,Ace Ventura: Pet Detective,,-$0.24,,
2/26/2015,$8.84,-$0.56,-$2.09,,American Masters: Margaret Mitchell,,$5.19,,
2/26/2015,$3.94,-$0.41,-$2.09,,Bottle Rocket,,$0.44,,
2/26/2015,$2.94,-$0.39,-$2.09,,March of the Penguins,,-$0.54,,
2/26/2015,$3.54,-$0.40,-$2.09,,"Thundercats, S1V1, Discs 3&4",,$0.05,,
3/1/2015,$3.24,-$0.39,-$2.09,,21,,-$0.24,,
3/1/2015,$3.04,-$0.39,-$2.25,,From Dusk Till Dawn,,-$0.60,,
3/1/2015,$3.24,-$0.39,-$2.09,,Harold and Kumar go to White Castle,,-$0.24,,
3/1/2015,$7.94,-$0.53,-$3.11,,Led Zepplin DVD,,$3.30,,
3/1/2015,$3.24,-$0.39,-$2.01,,Military History Collector's Set,,-$0.16,,
3/1/2015,$3.24,-$0.39,-$2.42,,Newlyweds Season 1,,-$0.57,,
3/1/2015,$3.74,-$0.41,-$2.93,,Pulp Fiction,,-$0.60,,
3/1/2015,,,,-$20.00,Purchased DVDs,,-$21.00,,
3/1/2015,$3.24,-$0.39,-$2.09,,Radio,,-$0.24,,
3/1/2015,$3.64,-$0.41,-$2.25,,UFC 51 - Super Saturday,,-$0.02,,
3/2/2015,$3.04,-$0.39,-$2.09,,Daredevil,,-$0.44,,
3/2/2015,$7.94,-$0.53,-$2.09,,Iron Monkey Blu-ray,,$4.32,,
3/2/2015,$2.94,-$0.39,-$2.09,,Jerry Maguire,,-$0.54,,
3/2/2015,$9.94,-$0.59,-$2.09,,Newsies,,$6.26,,
3/2/2015,$3.94,-$0.41,-$2.09,,Se7en,,$0.44,,
3/2/2015,$3.24,-$0.39,-$2.09,,Stardust,,-$0.24,,
3/2/2015,$3.64,-$0.41,-$2.09,,The Legend of Bagger Vance,,$0.14,,
3/2/2015,$3.14,-$0.39,-$2.09,,Transformers: Revenge of the Fallen,,-$0.34,,
3/2/2015,$3.24,-$0.39,-$2.09,,Varsity Blues,,-$0.24,,
3/2/2015,$3.24,-$0.39,-$2.09,,Victory at Sea Volume II,,-$0.24,,
3/3/2015,$3.14,-$0.39,-$2.09,,Divine Secrets of the Ya-Ya Sisterhood,,-$0.34,,
3/3/2015,$3.34,-$0.40,-$3.11,,Entourage Season 2,,-$1.17,,
3/3/2015,$3.24,-$0.39,-$2.09,,Munich,,-$0.24,,
3/3/2015,$3.24,-$0.39,-$2.09,,The Naked Mile,,-$0.24,,
3/4/2015,$3.14,-$0.39,-$2.09,,Old School ,,-$0.34,,
3/4/2015,$3.94,-$0.41,-$2.09,,Slums of Beverly Hills,,$0.44,,
3/4/2015,$5.64,-$0.46,-$2.09,,Upright Citizens Brigade Season 1,,$2.09,,
3/5/2015,$3.24,-$0.39,-$2.09,,Clerks,,-$0.24,,
3/5/2015,$2.94,-$0.39,-$2.09,,Closer,,-$0.54,,
3/5/2015,$3.44,-$0.40,-$2.09,,Final Analysis,,-$0.05,,
3/5/2015,$3.24,-$0.39,-$2.09,,Invincible,,-$0.24,,
3/5/2015,,$0.00,,-$16.95,Purchased DVD Mailers,,-$17.95,,
3/5/2015,$4.24,-$0.42,-$2.09,,Seinfeld Seasons 1 and 2,,$0.73,,
3/5/2015,$3.54,-$0.40,-$2.09,,Spies like Us,,$0.05,,
3/5/2015,$3.14,-$0.39,-$2.09,,Twilight,,-$0.34,,
3/6/2015,$3.34,-$0.40,-$2.09,,Gladiator,,-$0.15,,
3/6/2015,$5.34,-$0.45,-$2.09,,National Treasure 2,,$1.80,,
3/6/2015,$4.04,-$0.42,-$2.09,,SNL - The Best of Mike Meyers,,$0.53,,
3/6/2015,$2.94,-$0.39,-$2.09,,Swordfish,,-$0.54,,
3/6/2015,$3.24,-$0.39,-$2.09,,The Ring,,-$0.24,,
3/6/2015,$3.14,-$0.39,-$2.25,,The Rules of Attraction,,-$0.50,,
3/7/2015,,,,-$20.00,Purchased DVDs,,-$21.00,,
3/8/2015,$4.34,-$0.43,-$2.09,,A Few Good Men,,$0.82,,
3/8/2015,$3.24,-$0.39,-$2.09,,Blue Streak,,-$0.24,,
3/8/2015,$3.24,-$0.39,-$2.09,,Jumper,,-$0.24,,
3/8/2015,$3.14,-$0.39,-$2.09,,Lost in Translation,,-$0.34,,
3/8/2015,$3.94,-$0.41,-$2.09,,Open Range,,$0.44,,
3/8/2015,,,,-$9.99,Purchased Envelopes,,-$10.99,,
3/8/2015,$2.94,-$0.39,-$2.09,,Snakes on a Plane,,-$0.54,,
3/8/2015,$3.24,-$0.39,-$2.09,,Team America,,-$0.24,,
3/8/2015,$3.24,-$0.39,-$2.09,,The Heartbreak Kid,,-$0.24,,
3/8/2015,$3.84,-$0.41,-$2.09,,UFC 54: Boiling Point,,$0.34,,
3/9/2015,,$0.00,,-$4.04,Refund for Born to be Wild,,-$5.04,,
3/9/2015,$3.34,-$0.40,-$2.09,,Signs,,-$0.15,,
3/9/2015,$3.24,-$0.39,-$2.09,,The Day After Tomorrow,,-$0.24,,
3/9/2015,$3.24,-$0.39,-$2.09,,The Wedding Singer,,-$0.24,,
3/10/2015,$3.64,-$0.41,-$2.25,,Mallrats,,-$0.02,,
3/10/2015,$3.04,-$0.39,-$2.09,,The Ring,,-$0.44,,
3/11/2015,$6.04,-$0.48,-$2.01,,Bill Burr: Let It Go,,$2.55,,
3/12/2015,$2.94,-$0.39,-$2.25,,"Crouching Tiger, Hidden Dragon",,-$0.70,,
3/12/2015,$6.64,-$0.49,-$2.76,,JFK Collectors Box Set,,$2.39,,
3/12/2015,$3.14,-$0.39,-$2.25,,Orange County,,-$0.50,,
3/12/2015,$2.94,-$0.39,-$2.09,,The Dark Knight,,-$0.54,,
3/12/2015,$3.24,-$0.39,-$2.09,,The Ring 2,,-$0.24,,
3/13/2015,$3.14,-$0.39,-$2.25,,Click,,-$0.50,,
3/14/2015,,,,-$35.00,Purchased DVDs,,-$36.00,,
3/17/2015,$27.94,-$1.11,-$2.25,,Widespread Panic Live at Oak Mountain,,$23.58,,
3/17/2015,$2.94,-$0.39,-$2.09,,Amelia,,-$0.54,,
3/17/2015,$2.94,-$0.39,-$2.09,,S.W.A.T.,,-$0.54,,
3/18/2015,$3.44,-$0.40,-$2.09,,Eternal Sunshine of the Spotless Mind,,-$0.05,,
3/18/2015,$2.94,-$0.39,-$2.09,,Ocean's Twelve,,-$0.54,,
3/19/2015,$2.94,-$0.39,-$2.09,,Made,,-$0.54,,
3/20/2015,$3.34,-$0.40,-$2.09,,Zathura,,-$0.15,,
3/20/2015,$8.34,-$0.54,-$2.25,,The People Under the Stairs / Shocker,,$4.55,,
3/20/2015,$2.50,-$0.37,-$1.93,,She's the Man,,-$0.80,,
3/21/2015,,,,-$30.00,Purchased DVDs,,-$31.00,,
3/22/2015,$3.34,-$0.40,-$2.25,,There's Something About Mary,,-$0.31,,
3/22/2015,$3.24,-$0.39,-$2.42,,Men in Black 2,,-$0.57,,
3/22/2015,$3.14,-$0.39,-$2.09,,Children of Men,,-$0.34,,
3/22/2015,$14.94,-$0.73,-$2.59,,Banshee Season 1,,$10.62,,
3/22/2015,$3.94,-$0.41,-$2.25,,Ferris Bueller's Day Off,,$0.28,,
3/22/2015,$5.24,-$0.45,-$2.09,,Sleeping with the Enemy,,$1.70,,
3/22/2015,$3.34,-$0.40,-$2.09,,The Wrestler,,-$0.15,,
3/22/2015,$2.84,-$0.38,-$2.09,,Starship Troopers 3: Marauder,,-$0.63,,
3/22/2015,$3.34,-$0.40,-$2.09,,Flightplan,,-$0.15,,
3/22/2015,$3.74,-$0.41,-$2.09,,Seed of Chucky,,$0.24,,
3/22/2015,,$0.00,,-$30.00,Purchased DVD Mailers,,-$31.00,,
3/23/2015,$3.94,-$0.41,-$2.25,,The Guardian,,$0.28,,
3/23/2015,$3.30,-$0.40,-$1.93,,I Am Sam,,-$0.03,,
3/23/2015,$3.24,-$0.39,-$2.09,,The Texas Chainsaw Massacre (1974),,-$0.24,,
3/23/2015,$2.84,-$0.38,-$2.09,,Blue Collar Comedy Tour Rides Again,,-$0.63,,
3/23/2015,$3.24,-$0.39,-$2.09,,Basic Instinct,,-$0.24,,
3/23/2015,$4.00,-$0.42,-$1.93,,The Ugly Truth,,$0.65,,
3/24/2015,$2.84,-$0.38,-$2.25,,Go,,-$0.79,,
3/25/2015,$3.84,-$0.41,-$2.09,,Casino,,$0.34,,
3/25/2015,$3.34,-$0.40,-$2.54,,X-Men 1.5,,-$0.60,,
3/26/2015,$2.75,-$0.38,-$1.93,,King Kong,,-$0.56,,
3/26/2015,$3.84,-$0.41,-$2.09,,Fatal Attraction ,,$0.34,,
3/26/2015,$7.44,-$0.52,-$2.09,,The Walking Dead Season 1,,$3.83,,
3/27/2015,$4.94,-$0.44,-$2.09,,Bobby Z,,$1.41,,
3/27/2015,$6.84,-$0.50,-$2.09,,Wall-E,,$3.25,,
3/27/2015,$3.94,-$0.41,-$2.09,,Beverly Hills Cop,,$0.44,,
3/27/2015,$2.75,-$0.38,-$1.93,,Princess Diaries 2,,-$0.56,,
3/30/2015,$4.44,-$0.43,-$2.09,,Saturday Night Live - Best of Steve Martin,,$0.92,,
3/30/2015,$5.44,-$0.46,-$2.01,,Earthquake,,$1.97,,
3/30/2015,$3.84,-$0.41,-$2.25,,Jay and Silent Bob Strike Back,,$0.18,,
3/30/2015,$2.94,-$0.39,-$2.09,,Meet the Fockers,,-$0.54,,
3/30/2015,$4.94,-$0.44,-$2.09,,Red Sonja,,$1.41,,
3/30/2015,$2.75,-$0.38,-$1.93,,Random Hearts,,-$0.56,,
3/30/2015,$2.99,-$0.39,-$1.93,,Rome Season 2 Disc 5,,-$0.33,,
3/30/2015,$3.34,-$0.40,-$2.09,,The Haunted Airman,,-$0.15,,
3/30/2015,$3.14,-$0.39,-$2.09,,Charlie's Angels,,-$0.34,,
3/30/2015,$4.44,-$0.43,-$2.09,,Who's Harry Crumb?,,$0.92,,
3/30/2015,$3.64,-$0.41,-$2.09,,The Promotion,,$0.14,,
3/30/2015,$2.84,-$0.38,-$2.01,,Fear Dot Com,,-$0.55,,
3/30/2015,$3.54,-$0.40,-$2.01,,48 Hours,,$0.13,,
3/30/2015,$4.94,-$0.44,-$2.01,,The Specialist,,$1.49,,
3/31/2015,$5.24,-$0.45,-$2.09,,Sophie's Choice,,$1.70,,
3/31/2015,$2.84,-$0.38,-$2.09,,Goldmember,,-$0.63,,
3/31/2015,$2.94,-$0.39,-$2.09,,A Guy Thing,,-$0.54,,
3/31/2015,$4.44,-$0.43,-$2.09,,The Long Kiss Goonight,,$0.92,,
3/31/2015,$3.24,-$0.39,-$2.25,,Live Free or Die Hard,,-$0.40,,
3/31/2015,$3.14,-$0.39,-$2.01,,Swordfish,,-$0.26,,
4/2/2015,$3.00,-$0.39,-$1.93,,Patriot Games,,-$0.32,,
4/2/2015,$5.94,-$0.47,-$2.01,,Due Date Blu-ray,,$2.46,,
4/3/2015,$2.84,-$0.38,-$2.01,,Project Kill,,-$0.55,,
4/3/2015,$3.94,-$0.41,-$2.09,,Dangerous Liaisons,,$0.44,,
4/4/2015,$3.84,-$0.41,-$2.09,,Harsh Times,,$0.34,,
4/4/2015,$6.58,-$0.49,-$2.76,,"The Siege
The Usual Suspects",,$2.33,,
4/4/2015,$3.94,-$0.41,-$2.09,,Bad Lieutenant,,$0.44,,
4/4/2015,$3.94,-$0.41,-$2.01,,Wrong Turn 3,,$0.52,,
4/4/2015,$9.94,-$0.59,-$2.25,-$14.44,Three's Company Season 3,,-$8.34,,
4/4/2015,,$0.00,,-$55.00,Purchased DVDs,,-$56.00,,
4/6/2015,$5.44,-$0.46,-$2.09,,Porky's/Porky's II,,$1.89,,
4/6/2015,$3.14,-$0.39,-$2.09,,Assault on Precinct 13,,-$0.34,,
4/6/2015,$4.64,-$0.43,-$2.09,,The Crying Game,,$1.12,,
4/6/2015,$3.84,-$0.41,-$2.59,,Robin Hood: Prince of Thieves,,-$0.16,,
4/6/2015,$5.00,-$0.45,-$1.93,,Joan of Arc,,$1.63,,
4/6/2015,$2.84,-$0.38,-$2.42,,The Matrix Reloaded,,-$0.96,,
4/6/2015,$3.00,-$0.39,-$1.93,,Neverending Story 2,,-$0.32,,
4/7/2015,$3.94,-$0.41,-$2.01,,Eyes Wide Shut,,$0.52,,
4/7/2015,$3.50,-$0.40,-$1.93,,Don't Tell Mom the Babysitter's Dead,,$0.17,,
4/8/2015,$3.00,-$0.39,-$1.93,,K-Pax,,-$0.32,,
4/8/2015,$5.94,-$0.47,-$2.01,,Traininig Day,,$2.46,,
4/8/2015,$3.34,-$0.40,-$2.09,,Pi,,-$0.15,,
4/9/2015,$3.34,-$0.40,-$2.01,,Sicko,,-$0.07,,
4/9/2015,$3.00,-$0.39,-$2.09,,Pirates of the Carribean: Curse of the Black Pearl,,-$0.48,,
4/9/2015,$2.75,-$0.38,-$1.93,,UFC 50,,-$0.56,,
4/9/2015,$2.94,-$0.39,-$2.09,,From Hell,,-$0.54,,
4/9/2015,$3.64,-$0.41,-$2.09,,Broken Arrow,,$0.14,,
4/9/2015,$4.00,-$0.42,-$1.93,,The Thing,,$0.65,,
4/9/2015,$3.84,-$0.41,-$2.09,,Pretty In Pink,,$0.34,,
4/9/2015,$3.00,-$0.39,-$1.93,,Star Trek: Insurrection,,-$0.32,,
4/9/2015,$5.00,-$0.45,-$1.93,,Toy Story 2,,$1.63,,
4/11/2015,$3.00,-$0.39,-$1.93,,Apollo 13,,-$0.32,,
4/11/2015,$3.94,-$0.41,-$2.01,,Iron Man,,$0.52,,
4/11/2015,$3.04,-$0.39,-$2.09,,Ali,,-$0.44,,
4/13/2015,$2.50,-$0.37,-$1.93,,Captain Corelli's Madolin,,-$0.80,,
4/13/2015,$3.00,-$0.39,-$1.93,,The Rock,,-$0.32,,
4/13/2015,$3.14,-$0.39,-$2.25,,Pulse,,-$0.50,,
4/13/2015,$6.94,-$0.50,-$2.09,,Midnight in the Garden of Good and Evil,,$3.35,,
4/15/2015,$4.00,-$0.42,-$1.93,,Star Trek: Generations,,$0.65,,
4/15/2015,$3.00,-$0.39,-$1.93,,Never Been Kissed,,-$0.32,,
4/15/2015,$4.44,-$0.43,-$2.09,,Single White Female,,$0.92,,
4/16/2015,$4.54,-$0.43,-$2.09,,Leaving Las Vegas,,$1.02,,
4/16/2015,$3.24,-$0.39,-$2.09,,When Harry Met Sally,,-$0.24,,
4/16/2015,$3.44,-$0.40,-$2.01,,Gran Torino,,$0.03,,
4/17/2015,$3.50,-$0.40,-$1.93,,"The Soipranos - Season 6-2, Disc 3",,$0.17,,
4/17/2015,$3.54,-$0.40,-$2.09,,Jarhead,,$0.05,,
4/17/2015,$10.94,-$0.62,-$2.09,,Caligula,,$7.23,,
4/17/2015,$3.34,-$0.40,-$2.09,,Risky Business,,-$0.15,,
4/17/2015,$4.50,-$0.43,-$1.93,,The Great Gatsby,,$1.14,,
4/17/2015,$3.64,-$0.41,-$2.01,,Diner,,$0.22,,
4/17/2015,$3.34,-$0.40,-$2.01,,America: a Tribute to Heroes,,-$0.07,,
4/17/2015,$3.84,-$0.41,-$2.09,,The Devil's Own,,$0.34,,
4/20/2015,,,,-$36.19,eBay Fees,,-$37.19,,
4/27/2015,$13.94,-$0.70,-$2.09,,Intent to Kill,,$10.15,,
4/27/2015,$2.50,-$0.37,-$1.93,,Blue Crush,,-$0.80,,
4/27/2015,$3.94,-$0.41,-$2.09,,The Virgin Suicides,,$0.44,,
4/28/2015,$3.64,-$0.41,-$2.09,,Almost Famous,,$0.14,,
4/28/2015,$6.00,-$0.47,-$1.93,,"The Naked Gun
The Naked Gun 33-1/3",,$2.60,,
4/28/2015,$2.94,-$0.39,-$2.09,,King Kong,,-$0.54,,
4/29/2015,$3.34,-$0.40,-$2.01,,I Am Legend,,-$0.07,,
4/29/2015,$4.94,-$0.44,-$2.01,,Joe Versus the Volcano,,$1.49,,
4/29/2015,$3.24,-$0.39,-$2.01,,Starship Troopers 2,,-$0.16,,
4/29/2015,$3.94,-$0.41,-$2.09,,The Birth of a Nation,,$0.44,,
4/29/2015,$3.50,-$0.40,-$1.93,,The Cowboys,,$0.17,,
4/30/2015,,,,-$30.00,Purchased DVDs,,-$31.00,,
4/30/2015,$3.00,-$0.39,-$1.93,,Million Dollar Baby,,-$0.32,,
4/30/2015,$3.94,-$0.41,-$2.01,,Air Force One,,$0.52,,
4/30/2015,$3.00,-$0.39,-$1.93,,The Mummy,,-$0.32,,
4/30/2015,$3.00,-$0.39,-$1.93,,The Patriot,,-$0.32,,
4/30/2015,$10.54,-$0.61,-$2.01,,Them !,,$6.92,,
5/1/2015,$3.24,-$0.39,-$2.01,,The Departed,,-$0.16,,
5/1/2015,$4.94,-$0.44,-$2.01,,The Crush,,$1.49,,
5/1/2015,$4.94,-$0.44,-$2.01,,The Road Warrior,,$1.49,,
5/1/2015,$2.94,-$0.39,-$2.09,,Be Cool,,-$0.54,,
5/1/2015,$6.50,-$0.49,-$1.93,,Perfume: The Story of a Murderer,,$3.08,,
5/2/2015,$3.24,-$0.39,-$2.01,,The Sweetest Thing,,-$0.16,,
5/2/2015,$3.50,-$0.40,-$1.93,,Pee-Wee's Big Adventure,,$0.17,,
5/2/2015,$3.00,-$0.39,-$1.93,,2001: A Space Odyssey,,-$0.32,,
5/2/2015,$5.64,-$0.46,-$2.01,,"Girl, Interrupted",,$2.17,,
5/2/2015,$6.94,-$0.50,-$2.01,,Striptease,,$3.43,,
5/2/2015,$2.50,-$0.37,-$1.93,,Panic Room,,-$0.80,,
5/2/2015,$6.94,-$0.50,-$2.01,,Mulholland Drive,,$3.43,,
5/3/2015,$3.94,-$0.41,-$2.01,,Interview with the Vampire,,$0.52,,
5/3/2015,$3.50,-$0.40,-$1.93,,Pan's Labyrinth,,$0.17,,
5/3/2015,$7.00,-$0.50,-$1.93,,Peter Pan,,$3.57,,
5/3/2015,$7.94,-$0.53,-$2.01,,The Day of the Jackal,,$4.40,,
5/3/2015,$6.44,-$0.49,-$2.25,,Sling Blade,,$2.70,,
5/3/2015,$6.54,-$0.49,-$2.01,,The Fisher King,,$3.04,,
5/3/2015,$3.14,-$0.39,-$2.01,,House of the Dead,,-$0.26,,
5/3/2015,$4.14,-$0.42,-$2.01,,Black Snake Moan,,$0.71,,
5/3/2015,$4.44,-$0.43,-$2.01,,Chinatown,,$1.00,,
5/4/2015,$4.94,-$0.44,-$2.09,,Showgirls,,$1.41,,
5/4/2015,$3.84,-$0.41,-$2.09,,Fast Times at Ridgemont High,,$0.34,,
5/5/2015,$3.84,-$0.41,-$2.09,,Hotel Rwanda,,$0.34,,
5/5/2015,$4.50,-$0.43,-$1.93,,Back to the Future,,$1.14,,
5/6/2015,$6.00,-$0.47,-$1.93,,Back to the Future Park III,,$2.60,,
5/6/2015,$3.54,-$0.40,-$2.42,,Pirates of the Caribbean: Curse of the Black Pearl,,-$0.28,,
5/7/2015,$3.24,-$0.39,-$2.09,,Moulin Rouge,,-$0.24,,
5/7/2015,$3.94,-$0.41,-$2.01,,Dog Day Afternoon,,$0.52,,
5/7/2015,$4.94,-$0.44,-$2.01,,The Lucky One,,$1.49,,
5/9/2015,$3.94,-$0.41,-$2.42,,Sex and the City Season 1,,$0.11,,
5/9/2015,$9.64,-$0.58,-$2.01,,Soylent Green,,$6.05,,
5/10/2015,$5.94,-$0.47,-$2.01,,Selena,,$2.46,,
5/10/2015,$3.44,-$0.40,-$2.09,,Uptown Girls,,-$0.05,,
5/10/2015,$4.94,-$0.44,-$2.01,,Unforgiven,,$1.49,,
5/10/2015,$3.84,-$0.41,-$2.09,,Zoolander,,$0.34,,
5/10/2015,$3.94,-$0.41,-$2.09,,The Truman show,,$0.44,,
5/10/2015,$3.94,-$0.41,-$2.42,,Sex and the City Season 5,,$0.11,,
5/13/2015,$3.24,-$0.39,-$2.09,,Road to Perdition,,-$0.24,,
5/13/2015,$3.44,-$0.40,-$2.01,,Lethal Weapon 3,,$0.03,,
5/14/2015,$4.44,-$0.43,-$2.09,,"Bright Lights, Big City",,$0.92,,
5/14/2015,$3.94,-$0.41,-$2.09,,12 Monkeys,,$0.44,,
5/14/2015,$3.44,-$0.40,-$2.09,,Bridget Jones's Diary,,-$0.05,,
5/15/2015,$3.50,-$0.40,-$1.93,,Man in the Iron Mask,,$0.17,,
5/15/2015,$3.94,-$0.41,-$2.01,,Sweeney Todd,,$0.52,,
5/17/2015,$3.24,-$0.39,-$2.01,,Brokeback Mountain,,-$0.16,,
5/17/2015,$5.14,-$0.45,-$2.01,,Con Air,,$1.68,,
5/17/2015,$3.94,-$0.41,-$2.01,,Identity,,$0.52,,
5/17/2015,$3.34,-$0.40,-$2.01,,City Hall,,-$0.07,,
5/17/2015,$3.50,-$0.40,-$1.93,,Bull Durham,,$0.17,,
5/18/2015,$3.24,-$0.39,-$2.09,,How to Lose a Guy in 10 Days,,-$0.24,,
5/19/2015,$4.44,-$0.43,-$1.93,,Gangster Squad,,$1.08,,
5/20/2015,$3.64,-$0.41,-$2.09,,Double Jeopardy,,$0.14,,
5/20/2015,$3.94,-$0.41,-$2.09,,The Mask of Zorro,,$0.44,,
5/20/2015,$5.64,-$0.46,-$2.09,,How High,,$2.09,,
5/20/2015,,$0.00,,-$57.49,eBay Fees,,-$58.49,,
5/21/2015,$3.84,-$0.41,-$2.01,,The Exorcist,,$0.42,,
5/21/2015,$7.94,-$0.53,-$2.09,,The Sound of Musuic,,$4.32,,
5/22/2015,$3.14,-$0.39,-$2.09,,Dark City,,-$0.34,,
5/22/2015,$4.94,-$0.44,-$2.09,,The Crow,,$1.41,,
5/22/2015,$3.94,-$0.41,-$2.09,,The Fifth Element,,$0.44,,
5/22/2015,$5.44,-$0.46,-$2.09,,21 Jump Street,,$1.89,,
5/23/2015,,,,-$200.00,Purchased DVDs,,,,
5/23/2015,$3.44,-$0.40,-$2.09,,Knockaround Guys,,-$0.05,,
5/23/2015,$6.94,-$0.50,-$2.09,,The Lost World: Jurassic Park,,$3.35,,
5/23/2015,$4.24,-$0.42,-$2.01,,Elizabeth,,$0.81,,
5/24/2015,$5.64,-$0.46,-$2.09,,The Beach,,$2.09,,
5/24/2015,$3.94,-$0.41,-$2.42,,Awake,,$0.11,,
,$4.04,-$0.42,,,Gia,,$2.62,,
5/24/2015,$5.44,-$0.46,-$2.09,,Armageddon,,$1.89,,
5/25/2015,$3.24,-$0.39,-$2.09,,You Got Served,,-$0.24,,
5/25/2015,$3.94,-$0.41,-$2.01,,Conspiracy Theory,,$0.52,,
5/25/2015,$3.94,-$0.41,-$2.01,,The Doors,,$0.52,,
5/25/2015,$3.84,-$0.41,-$2.09,,The World is Not Enough,,$0.34,,
5/25/2015,$3.24,-$0.39,-$2.09,,Envy,,-$0.24,,
5/26/2015,$3.94,-$0.41,-$2.09,,Fun with Dick and Jane,,$0.44,,
5/26/2015,$3.94,-$0.41,-$2.42,,Pearl Harbor,,$0.11,,
5/26/2015,$3.24,-$0.39,-$2.09,,Legally Blonde,,-$0.24,,
5/26/2015,$4.44,-$0.43,-$2.01,,My Cousin Vinny,,$1.00,,
5/27/2015,$5.00,-$0.45,-$1.93,,"The Sopranos Season 6, Part 2, Disc 4",,$1.63,,
5/27/2015,$3.94,-$0.41,-$2.01,,U.S. Marshals,,$0.52,,
5/28/2015,$3.94,-$0.41,-$2.09,,House of Sand and Fog,,$0.44,,
5/30/2015,$4.94,-$0.44,-$2.01,,George Lopez: Why You Crying?,,$1.49,,
5/31/2015,$3.84,-$0.41,-$2.22,,Bram Stoker's Dracula,,$0.21,,
5/31/2015,$3.24,-$0.39,-$2.22,,The Rundown,,-$0.37,,
5/31/2015,$3.44,-$0.40,-$2.22,,Ronin,,-$0.18,,
6/2/2015,$4.84,-$0.44,-$2.13,,Salt,,$1.27,,
6/2/2015,$5.00,-$0.45,-$2.22,-$8.50,The Bob Newhart Show Season 3 Three,,-$7.17,,
6/2/2015,$5.00,-$0.45,-$2.22,,Mystery Case Files: 13th Skull Collector's Ed.,,$1.34,,
6/3/2015,$3.84,-$0.41,-$2.22,,Varsity Blues,,$0.21,,
6/3/2015,$3.44,-$0.40,-$2.35,,Mission Impossible 2,,-$0.31,,
6/4/2015,$3.74,-$0.41,-$2.22,,Face/Off,,$0.11,,
6/4/2015,$4.94,-$0.44,-$2.22,,The Cell,,$1.28,,
6/5/2015,$3.64,-$0.41,-$2.22,,Borat,,$0.01,,
6/6/2015,$5.25,-$0.45,-$2.22,,Con Air,,$1.58,,
6/8/2015,$10.00,-$0.59,-$3.07,,Woot Shirt (Stink Less),,$5.34,,
6/8/2015,$3.20,-$0.39,-$2.22,,"Kill Bill, Vol. 1",,-$0.41,,
6/8/2015,$4.00,-$0.42,-$2.22,,Payback,,$0.36,,
6/9/2015,$4.50,-$0.43,-$2.13,,Lone Star State of Mind,,$0.94,,
6/9/2015,$4.75,-$0.44,-$2.13,,,,$1.18,,
6/10/2015,$3.44,-$0.40,-$2.22,,The Texas Chainsaw Massacre,,-$0.18,,
6/10/2015,$3.20,-$0.39,-$2.13,,See No Evil,,-$0.32,,
6/10/2015,$4.75,-$0.44,-$2.22,,Short Circuit,,$1.09,,
6/10/2015,$4.50,-$0.43,-$2.13,,Paul Blart: Mall Cop,,$0.94,,
6/10/2015,$3.75,-$0.41,-$2.22,,Reign of Fire,,$0.12,,
6/11/2015,,$0.00,,-$31.95,Purchased Padded Envelopes,,-$32.95,,
6/11/2015,$5.50,-$0.46,-$2.22,,Breakin',,$1.82,,
6/12/2015,$3.20,-$0.39,-$2.22,,21,,-$0.41,,
6/12/2015,$4.00,-$0.42,-$2.22,,Pirates of the Caribbean: Dead Man's Chest,,$0.36,,
6/12/2015,$3.20,-$0.39,-$2.22,,Bad News Bears,,-$0.41,,
6/12/2015,$3.50,-$0.40,-$2.35,,The Punisher,,-$0.25,,
6/12/2015,$6.25,-$0.48,-$2.22,,Mr. Holland's Opus,,$2.55,,
6/12/2015,$3.85,-$0.41,-$2.22,,Carlos Mencia: Not Easily Offended,,$0.22,,
6/13/2015,$6.75,-$0.50,-$2.03,,Peter Pan,,$3.22,,
6/14/2015,$3.20,-$0.39,-$2.22,,The Legend of Zorro,,-$0.41,,
6/14/2015,$13.00,-$0.68,-$3.22,,How to Draw Cool Stuff,Xferred to HP account 6/15,$8.10,,
6/14/2015,$3.75,-$0.41,-$2.13,,Stardust,,$0.21,,
6/14/2015,$3.25,-$0.39,-$2.35,,Ice Age,,-$0.49,,
6/17/2015,$3.75,-$0.41,-$2.35,,Heat,,-$0.01,,
6/18/2015,$3.50,-$0.40,-$2.22,,The Princess Diaries,,-$0.12,,
6/18/2015,$3.40,-$0.40,-$2.35,,The Aviator,,-$0.35,,
6/18/2015,$7.25,-$0.51,-$2.89,,Boogie Nights,,$2.85,,
6/19/2015,$3.20,-$0.39,-$2.22,,Mission: Impossible 3,,-$0.41,,
6/19/2015,$3.50,-$0.40,-$2.22,,The Time Machine,,-$0.12,,
6/20/2015,,$0.00,,-$43.36,eBay Fees,,-$44.36,,
6/20/2015,$50.00,-$1.75,-$3.22,,Charlie's Angels: The Complete Series,,$44.03,,
6/22/2015,$3.25,-$0.39,-$2.22,,The Pursuit of Happyness,,-$0.36,,
6/22/2015,$3.25,-$0.39,-$2.22,,Because I Said So,,-$0.36,,
6/22/2015,$3.50,-$0.40,-$2.22,,Out of Time,,-$0.12,,
6/22/2015,$3.20,-$0.39,-$2.22,,I Now Pronounce You Chuck & Larry,,-$0.41,,
6/23/2015,$3.20,-$0.39,-$2.13,,Terminator 2: Judgement Day,,-$0.32,,
6/24/2015,$3.90,-$0.41,-$2.22,,Letters From Iwo Jima,,$0.27,,
6/24/2015,$9.00,-$0.56,-$3.72,,The Daring Book for Girls,,$3.72,,
6/24/2015,$6.00,-$0.47,-$2.35,,Sling Blade,,$2.18,,
6/29/2015,$3.20,-$0.39,-$2.13,,The 40-Year-Old Virgin,,-$0.32,,
6/29/2015,$10.90,-$0.62,-$3.22,,"Beauty Shop
Unfaithful
Titanic",,$6.06,,
6/29/2015,$3.20,-$0.39,-$2.13,,Evan Almighty,,-$0.32,,
6/30/2015,$14.00,-$0.71,-$3.07,,Sold: Ion Clipster Portable Speaker,,$9.22,,
6/30/2015,$4.25,-$0.42,-$2.13,,Dead Man Walking,,$0.70,,
7/1/2015,$11.50,-$0.63,-$2.71,-$2.00,"Traffic
Limitless
The Condemned",,$5.16,,
7/1/2015,$3.20,-$0.39,-$2.22,,Mean Girls,,-$0.41,,
7/1/2015,$3.90,-$0.41,-$2.53,,Dirty Dancing,,-$0.04,,
7/1/2015,$3.20,-$0.39,-$2.35,,Hulk,,-$0.54,,
7/1/2015,$4.00,-$0.42,-$2.22,,Spawn,,$0.36,,
7/1/2015,$3.20,-$0.39,-$2.22,,Jackass 2,,-$0.41,,
7/5/2015,$3.25,-$0.39,-$2.22,,Cinderella Man,,-$0.36,,
7/5/2015,$3.25,-$0.39,-$2.22,,Monster,,-$0.36,,
7/5/2015,$4.75,-$0.44,-$2.22,,"Crazy, Stupid Love",,$1.09,,
7/5/2015,$3.75,-$0.41,-$2.22,,Due Date,,$0.12,,
7/5/2015,$4.00,-$0.42,-$2.22,,Over the Hedge,,$0.36,,
7/5/2015,$3.25,-$0.39,-$2.22,,The Score,,-$0.36,,
7/5/2015,$4.75,-$0.44,-$2.13,,The Prestige,,$1.18,,
7/6/2015,$3.50,-$0.40,-$2.13,,Shooter,,-$0.03,,
7/6/2015,$5.75,-$0.47,-$2.22,,Saving Private Ryan,,$2.06,,
7/6/2015,$4.50,-$0.43,-$2.13,,RED,,$0.94,,
7/7/2015,$6.00,-$0.47,-$2.71,,Momento,,$1.82,,
7/8/2015,$5.25,-$0.45,-$2.13,,Shrek Forever After,,$1.67,,
7/8/2015,$3.95,-$0.41,-$2.13,,Ice Age: The Meltdown,,$0.41,,
7/8/2015,$10.00,-$0.59,-$3.21,-$9.27,Three's Company Season 4,,-$4.07,,
7/9/2015,$3.25,-$0.39,-$2.22,,North Country,,-$0.36,,
7/9/2015,$3.75,-$0.41,-$2.22,,Man of the House,,$0.12,,
7/11/2015,,$0.00,,-$25.00,Purchased DVDs,,-$26.00,,
7/13/2015,$5.50,-$0.46,-$2.13,,Jurassic Park,,$1.91,,
7/13/2015,$3.20,-$0.39,-$2.13,,Hostel,,-$0.32,,
7/13/2015,$3.25,-$0.39,-$2.22,,South Park,,-$0.36,,
7/16/2015,$3.95,-$0.41,-$2.22,,Blow,,$0.32,,
7/16/2015,$3.20,-$0.39,-$2.13,,Catwoman,,-$0.32,,
7/19/2015,$5.25,-$0.45,-$2.72,,The Millionaire Next Door,,$1.08,,
7/19/2015,$3.25,-$0.39,-$2.13,,Wedding Crashers,,-$0.27,,
7/19/2015,$3.25,-$0.39,-$2.13,,Dreamgirls,,-$0.27,,
7/20/2015,$3.75,-$0.41,-$2.13,,A Knight's Tale,,$0.21,,
7/20/2015,,$0.00,,-$40.24,eBay Fees,,-$41.24,,
7/21/2015,$3.90,-$0.41,-$2.13,,The Big Wedding,,$0.36,,
7/21/2015,$3.35,-$0.40,-$2.13,,Romeo Must Die,,-$0.18,,
7/21/2015,$3.50,-$0.40,-$2.13,,Fallen,,-$0.03,,
7/21/2015,$3.20,-$0.39,-$2.22,,Harry Potter and the Order of the Phoenix,,-$0.41,,
7/21/2015,$4.50,-$0.43,-$2.71,,Sons of Anarchy Season 1,,$0.36,,
7/22/2015,$5.75,-$0.47,-$2.22,,Much Ado About Nothing,,$2.06,,
7/22/2015,$3.20,-$0.39,-$2.22,,Fool's Gold,,-$0.41,,
7/23/2015,$4.20,-$0.42,-$2.13,,Annie,,$0.65,,
7/23/2015,$3.00,-$0.39,-$2.22,,Lara Croft: Tomb Raider,,-$0.61,,
7/23/2015,$4.00,-$0.42,-$2.13,,,,$0.45,,
7/24/2015,$3.35,-$0.40,-$2.22,,The Mummy,,-$0.27,,
7/24/2015,$3.20,-$0.39,-$2.13,,Redneck Comedy Roundup 2,,-$0.32,,
7/24/2015,$3.20,-$0.39,-$2.22,,Good Luck Chuck,,-$0.41,,
7/24/2015,$3.25,-$0.39,-$2.13,,Capote,,-$0.27,,
7/25/2015,$4.00,-$0.42,-$2.71,,How I Met Your Mother Season 1,,-$0.13,,
7/25/2015,$5.00,-$0.45,-$2.13,,The Sandlot,,$1.43,,
7/25/2015,,$0.00,,-$20.00,Purchased DVDs,,-$21.00,,
7/27/2015,$3.75,-$0.41,,,,,$2.34,,
7/27/2015,$3.50,-$0.40,,,Rain Man,,$2.10,,
7/27/2015,$3.60,-$0.40,,,A Beautiful Mind,,$2.20,,
7/27/2015,$4.25,-$0.42,,,Sweet Home Alabama,,$2.83,,
7/27/2015,$3.70,-$0.41,,,Excalibur,,$2.29,,
7/28/2015,$3.20,-$0.39,-$2.13,,Sideways,,-$0.32,,
7/28/2015,$4.00,-$0.42,-$2.22,,The Godfather,,$0.36,,
7/29/2015,$6.00,-$0.47,-$2.22,,Gone with the Wind,,$2.31,,
7/29/2015,$4.50,-$0.43,-$2.13,,The Thin Man,,$0.94,,
7/29/2015,$3.50,-$0.40,-$2.53,,Forrest Gump,,-$0.43,,
7/31/2015,$3.94,-$0.41,-$2.13,,12 Monkeys,,$0.40,,
7/31/2015,,$0.00,,-$7.75,Purchased Printer Ink Cartidges,,-$8.75,,
8/3/2015,$3.50,-$0.40,-$2.37,,Gangs of New York,,-$0.27,,
8/3/2015,$3.20,-$0.39,-$2.22,,Flight of the Phoenix,,-$0.41,,
8/3/2015,$4.95,-$0.44,-$2.22,,A League of Their Own,,$1.29,,
8/3/2015,$3.90,-$0.41,-$2.22,,The Skeleton Key,,$0.27,,
8/3/2015,$4.70,-$0.44,-$2.13,,Stand By Me,,$1.13,,
8/3/2015,$4.00,-$0.42,-$2.22,,Frequency,,$0.36,,
8/3/2015,$8.95,-$0.56,-$3.63,,"The Messengers
Cabin Fever
An American Haunting",,$3.76,,
8/3/2015,$3.95,-$0.41,-$2.22,,Men of Honor,,$0.32,,
8/3/2015,$4.40,-$0.43,-$2.13,,Little Women,,$0.84,,
8/3/2015,$3.95,-$0.41,-$2.71,,Pearl Harbor,,-$0.17,,
8/5/2015,$3.50,-$0.40,-$2.22,,A Lot Like Love,,-$0.12,,
8/5/2015,$3.90,-$0.41,-$2.22,,The Fifth Element,,$0.27,,
8/5/2015,$5.25,-$0.45,-$2.89,,Tombstone,,$0.91,,
8/8/2015,$3.20,-$0.39,-$2.22,,Road Trip,,-$0.41,,
8/8/2015,$3.20,-$0.39,-$2.22,,American Gangster,,-$0.41,,
8/8/2015,$13.00,-$0.68,-$2.35,,Great Balls of Fire,,$8.97,,
8/10/2015,$3.75,-$0.41,-$2.35,,Flyboys,,-$0.01,,
8/10/2015,$3.20,-$0.39,-$2.35,,Taking Lives,,-$0.54,,
8/10/2015,$3.65,-$0.41,-$2.22,,The Mummy: tomb of the Dragon Emperor,,$0.02,,
8/10/2015,$3.20,-$0.39,-$2.22,,Windtalkers,,-$0.41,,
8/11/2015,$5.00,-$0.45,-$2.22,,The Woodsman,,$1.34,,
8/11/2015,$4.50,-$0.43,-$2.22,,Clockers,,$0.85,,
8/12/2015,,,,-$30.00,Purchased DVDs,,,,
8/12/2015,$3.20,-$0.39,-$2.22,,Pitch Black,,-$0.41,,
8/13/2015,$7.00,-$0.50,-$2.13,,Nighthawks,,$3.37,,
8/13/2015,$15.00,-$0.74,-$2.22,-$17.49,Newhart Season 2,,-$6.45,,
8/15/2015,$8.00,-$0.53,-$2.89,-$9.66,The Bob Newhart Show Season 3,,-$6.08,,
8/15/2015,$4.75,-$0.44,-$2.22,,Labyrinth,,$1.09,,
8/15/2015,$3.90,-$0.41,-$2.22,,Sweeney Todd,,$0.27,,
8/15/2015,$4.75,-$0.44,-$2.35,,Thundercats Season 1 Vol 1 Discs 5 & 6,,$0.96,,
8/17/2015,$4.50,-$0.43,-$2.35,,Hot Shots / Hot Shots 2,,$0.72,,
8/17/2015,$3.75,-$0.41,-$2.22,,War,,$0.12,,
8/17/2015,$3.20,-$0.39,-$2.22,,Tropic Thunder,,-$0.41,,
8/18/2015,$4.25,-$0.42,-$2.22,,Being John Malcovich,,$0.61,,
8/19/2015,$3.90,-$0.41,-$2.13,,V for Vendetta,,$0.36,,
8/19/2015,$4.40,-$0.43,-$2.13,,Bambi II,,$0.84,,
8/20/2015,,$0.00,,-$46.87,eBay Fees,,-$47.87,,
8/20/2015,$3.70,-$0.41,-$2.13,,27 Dresses,,$0.16,,
8/21/2015,$3.95,-$0.41,-$2.13,,Nacho Libre,,$0.41,,
8/21/2015,$3.75,-$0.41,-$2.22,,Seabiscuit,,$0.12,,
8/24/2015,$32.00,-$1.23,-$3.74,-$37.33,"Moon Knight Collection (Vol 5, #1-12)",,-$11.30,,
8/24/2015,$5.40,-$0.46,-$2.13,,Mystery Men,,$1.81,,
8/24/2015,$3.95,-$0.41,-$2.22,,The Pledge,,$0.32,,
8/24/2015,$4.00,-$0.42,-$2.22,,Young Einstein,,$0.36,,
8/26/2015,$4.75,-$0.44,-$2.22,,Madea's Family Reunion,,$1.09,,
8/26/2015,$3.75,-$0.41,-$2.22,,The Count of Monte Cristo,,$0.12,,
8/28/2015,$3.70,-$0.41,-$2.22,,Gone with the Wind,,$0.07,,
8/29/2015,$3.75,-$0.41,-$2.22,,Invincible Iron Man,,$0.12,,
8/29/2015,,$0.00,,-$20.00,Purchased DVDs,,-$21.00,,
8/29/2015,,$0.00,,$82.50,"Sold DVDs 
Instant Replay, 407-282-7008, $1",,$81.50,,
8/30/2015,$3.90,-$0.41,-$2.89,,Magnolia,,-$0.40,,
8/30/2015,$3.70,-$0.41,-$2.13,,Cradle 2 The Grave,,$0.16,,
9/1/2015,$4.40,-$0.43,-$2.22,,Eddie Izzard: Dress to Kill,,$0.75,,
9/1/2015,$4.50,-$0.43,-$2.13,,Once,,$0.94,,
9/5/2015,$5.25,-$0.45,-$2.22,,James Taylor - Live at the Beacon Theater,,$1.58,,
9/5/2015,$3.20,-$0.39,-$2.13,,Four Brothers,,-$0.32,,
9/5/2015,,$0.00,,-$4.00,Purchased DVDs,,-$5.00,,
9/7/2015,$14.00,-$0.71,-$2.04,,Alien Geocoin,,$10.25,,
9/7/2015,$3.80,-$0.41,-$2.22,,Friday the 13th,,$0.17,,
9/7/2015,$4.60,-$0.43,-$2.22,,McClintock,,$0.95,,
9/9/2015,$3.70,-$0.41,-$2.22,,Children of Men,,$0.07,,
9/10/2015,$6.50,-$0.49,-$2.13,,Eyes Wide Shut,,$2.88,,
9/10/2015,$4.25,-$0.42,-$2.13,,The Fighter,,$0.70,,
9/10/2015,$3.95,-$0.41,-$2.22,,8 Heads in a Duffel Bag,,$0.32,,
9/12/2015,$7.00,-$0.50,-$2.13,,Cocoon 2: The Return,,$3.37,,
9/12/2015,$4.50,-$0.43,-$2.13,,Short Circuit,,$0.94,,
9/12/2015,$5.00,-$0.45,-$2.22,,Misery,,$1.34,,
9/12/2015,$3.75,-$0.41,-$2.22,,The Family Man,,$0.12,,
9/14/2015,$8.00,-$0.53,-$2.89,,Carnivale Season Two,,$3.58,,
9/14/2015,$3.90,-$0.41,-$2.13,,Knowing,,$0.36,,
9/14/2015,$3.90,-$0.41,-$2.22,,Stargate,,$0.27,,
9/14/2015,$3.90,-$0.41,-$2.22,,The Life of David Gale,,$0.27,,
9/15/2015,$3.75,-$0.41,-$2.13,,13 Going on 30,,$0.21,,
9/15/2015,$6.00,-$0.47,-$2.22,,The Ultimate Gift,,$2.31,,
9/15/2015,$4.50,-$0.43,-$2.22,,Sweet Home Alabama,,$0.85,,
9/15/2015,$4.95,-$0.44,-$2.34,,Rosemary's Baby,,$1.17,,
9/15/2015,$3.90,-$0.41,-$2.22,,Clear and Present Danger,,$0.27,,
9/15/2015,$4.75,-$0.44,-$2.22,,Crazy in Alabama,,$1.09,,
9/17/2015,$7.50,-$0.52,-$2.71,,NewsRadio Season 5,,$3.27,,
9/17/2015,$3.75,-$0.41,-$2.22,,The Mothman Prophecies,,$0.12,,
9/18/2015,$3.85,-$0.41,-$2.13,,Godzilla,,$0.31,,
9/18/2015,,$0.00,,-$225.00,Purchased DVDs,,-$226.00,,
9/19/2015,$3.90,-$0.41,-$2.22,,My Sister's Keeper,,$0.27,,
9/19/2015,$4.75,-$0.44,-$2.13,,A Good Year,,$1.18,,
9/19/2015,$4.50,-$0.43,-$2.13,,Johnny Suede,,$0.94,,
9/19/2015,,$0.00,,$45.50,"Sold DVDs
Godfather Pawn, $0.50 each",,$44.50,,
9/19/2015,,$0.00,,-$41.40,eBay Fees,,-$42.40,,
9/20/2015,$7.00,-$0.50,-$2.22,,Do the Right Thing,,$3.28,,
9/20/2015,$4.75,-$0.44,-$2.04,,The Campaign,,$1.27,,
9/20/2015,$3.70,-$0.41,-$2.13,,Eagle Eye,,$0.16,,
9/20/2015,$3.95,-$0.41,-$2.22,,Inventing the Abbots,,$0.32,,
9/20/2015,$3.95,-$0.41,-$2.22,,The Incredible Hulk,,$0.32,,
9/20/2015,$4.75,-$0.44,-$2.22,,Coyote Ugly,,$1.09,,
9/21/2015,$5.00,-$0.45,-$2.22,,Comedian,,$1.34,,
9/21/2015,$4.50,-$0.43,-$2.22,,Stargate: The Ark of Truth,,$0.85,,
9/21/2015,$4.50,-$0.43,-$2.35,,Malcom X,,$0.72,,
9/21/2015,$3.95,-$0.41,-$2.22,,Platoon,,$0.32,,
9/24/2015,$3.95,-$0.41,-$2.22,,2 Fast 2 Furious,,$0.32,,
9/24/2015,$3.90,-$0.41,-$2.22,,The Fast and the Furious,,$0.27,,
9/25/2015,$3.85,-$0.41,-$2.13,,The Marine,,$0.31,,
9/25/2015,$5.45,-$0.46,-$2.13,,Secondhand Lions,,$1.86,,
9/26/2015,$4.75,-$0.44,-$2.22,,The Paperboy,,$1.09,,
9/26/2015,$17.50,-$0.81,-$2.89,,"Ghost Ship
Apt Pupil",,$12.80,,
9/27/2015,$3.95,-$0.41,-$2.22,,Star Trek,,$0.32,,
9/27/2015,$7.50,-$0.52,-$2.22,,Barbarella,,$3.76,,
9/27/2015,$4.25,-$0.42,-$2.22,,Friday the 13th,,$0.61,,
9/27/2015,$3.95,-$0.41,-$2.22,,Quantum of Solace,,$0.32,,
9/27/2015,$4.15,-$0.42,-$2.22,,Groundhog Day,,$0.51,,
9/28/2015,$3.75,-$0.41,-$2.22,,Spanglish,,$0.12,,
9/28/2015,$4.25,-$0.42,-$2.13,,Confessions of a Shopaholic,,$0.70,,
9/28/2015,$4.75,-$0.44,-$2.35,,"Friday the 13th, Part 3",,$0.96,,
9/29/2015,$3.95,-$0.41,-$2.22,,Last Man Standing,,$0.32,,
9/29/2015,$5.00,-$0.45,-$2.22,,Some Like it Hot,,$1.34,,
9/29/2015,$4.50,-$0.43,-$2.13,,The Outsiders,,$0.94,,
9/30/2015,$4.95,-$0.44,-$2.22,,The Pianist,,$1.29,,
10/1/2015,$6.50,-$0.49,-$2.35,,The Last Temptation of the Christ,,$2.66,,
10/1/2015,$3.75,-$0.41,-$2.22,,Face/Off,,$0.12,,
10/1/2015,$15.00,-$0.74,-$2.13,,The Little Girl Who Lives Down the Lane,,$11.14,,
10/1/2015,$4.75,-$0.44,-$2.22,,Pet Sematary,,$1.09,,
10/4/2015,$3.95,-$0.41,-$2.22,,We Were Soldiers,,$0.32,,
10/4/2015,$6.00,-$0.47,-$2.53,,Thee Life Aquatic with Steve Zissou,,$2.00,,
10/4/2015,$3.95,-$0.41,-$2.13,,Serpico,,$0.41,,
10/4/2015,$3.95,-$0.41,-$2.13,,The Talented Mr. Ripley,,$0.41,,
10/4/2015,,,,-$42.70,Purchased Padded Envelopes,,,,
10/6/2015,$15.00,-$0.74,-$2.71,-$11.55,Sold OtterBox Moto X Case,,-$1.00,,
10/6/2015,$3.85,-$0.41,-$2.22,,Permanent Midnight,,$0.22,,
10/9/2015,$3.95,-$0.41,-$2.22,,Arlington Road,,$0.32,,
10/9/2015,$3.75,-$0.41,-$2.53,,The Day the Earth Stood Still,,-$0.19,,
10/9/2015,$3.85,-$0.41,-$2.53,,Man on Fire,,-$0.09,,
10/10/2015,$3.95,-$0.41,-$2.22,,Carlito's Way,,$0.32,,
10/10/2015,,,,-$10.00,Purchased DVDs,,,,
10/12/2015,$4.60,-$0.43,-$2.13,,City of Angels,,$1.04,,
10/12/2015,$4.95,-$0.44,-$2.13,,The Long Kiss Goodnight,,$1.38,,
10/12/2015,$4.50,-$0.43,-$2.13,,The Rookie,,$0.94,,
10/13/2015,$7.00,-$0.50,-$2.13,,Kentucky Fried Movie,,$3.37,,
10/13/2015,$7.00,-$0.50,-$2.22,,Terry Fator - Live From Las Vegas,,$3.28,,
10/13/2015,$6.25,-$0.48,-$2.13,,Eddie and the Cruisers / Eddie and the Cruisers 2,,$2.64,,
10/13/2015,$3.95,-$0.41,-$2.35,,Meet the Parents/Meet the Fockers,,$0.19,,
10/13/2015,$5.00,-$0.45,-$2.71,,Meet Me in St. Louis,,$0.85,,
10/13/2015,$3.95,-$0.41,-$2.22,,Platoon,,$0.32,,
10/13/2015,$3.85,-$0.41,-$2.22,,Happy Feet,,$0.22,,
10/14/2015,$3.95,-$0.41,-$2.13,,2012,,$0.41,,
10/15/2015,$3.95,-$0.41,-$2.22,,Today You Die,,$0.32,,
10/15/2015,$6.50,-$0.49,-$2.22,,The Breakfast Club,,$2.79,,
10/15/2015,$6.00,-$0.47,-$2.22,,Monty Python's Life of Brian,,$2.31,,
10/16/2015,$3.95,-$0.41,-$2.13,,The Fifth Element,,$0.41,,
10/16/2015,$3.95,-$0.41,-$2.13,,Seven,,$0.41,,
10/17/2015,$3.95,-$0.41,-$2.22,,Wild Hogs,,$0.32,,
10/17/2015,$3.75,-$0.41,-$2.22,,Wild Things,,$0.12,,
10/17/2015,$3.75,-$0.41,-$2.13,,The Brave One,,$0.21,,
10/19/2015,$4.25,-$0.42,-$2.13,,A Time to Kill,,$0.70,,
10/19/2015,$3.75,-$0.41,-$2.13,,Constantine,,$0.21,,
10/19/2015,$3.95,-$0.41,-$2.13,,Push,,$0.41,,
10/20/2015,$3.75,-$0.41,-$2.22,,Basic Instinct,,$0.12,,
10/20/2015,,$0.00,,-$44.74,eBay Fees,,-$45.74,,
10/21/2015,$3.75,-$0.41,-$2.22,,The Rundown,,$0.12,,
10/21/2015,$3.75,-$0.41,-$2.22,,The Matrix,,$0.12,,
10/21/2015,$12.00,-$0.65,,-$6.99,The Bob Newhart Show Season 4,,$3.36,,
10/21/2015,$4.50,-$0.43,-$2.13,,Edmond,,$0.94,,
10/21/2015,$3.75,-$0.41,-$2.13,,Thank You for Smoking,,$0.21,,
10/22/2015,$3.75,-$0.41,-$2.22,,Firewall,,$0.12,,
10/22/2015,$3.75,-$0.41,-$2.13,,The Happening ,,$0.21,,
10/22/2015,$3.95,-$0.41,-$2.13,,Austin Powers,,$0.41,,
10/23/2015,$4.95,-$0.44,-$2.13,,Silver Linings Playbook,,$1.38,,
10/24/2015,$6.45,-$0.49,-$2.13,,The Wolf of Wall Street,,$2.83,,
10/24/2015,$3.95,-$0.41,-$2.22,,L.A. Confidential,,$0.32,,
10/24/2015,$17.00,-$0.79,-$2.71,,Kojak Season 3,,$12.50,,
10/24/2015,$3.75,-$0.41,-$2.53,,The DaVinci Code,,-$0.19,,
10/24/2015,$4.50,-$0.43,-$2.13,,Love and Other Drugs,,$0.94,,
10/24/2015,$3.95,-$0.41,-$2.22,,Deep Impact,,$0.32,,
10/25/2015,$3.75,-$0.41,-$2.22,,Righteous Kill,,$0.12,,
10/25/2015,$3.95,-$0.41,-$2.13,,The Happening,,$0.41,,
10/25/2015,$4.95,-$0.44,-$2.22,,Rat Race,,$1.29,,
10/26/2015,$3.75,-$0.41,-$2.22,,A Series of Unfortunate Events,,$0.12,,
10/26/2015,$4.95,-$0.44,-$2.53,,National Treasure 2,,$0.98,,
10/27/2015,$9.00,-$0.56,-$3.22,,NYPD Blue Season 2,,$4.22,,
10/27/2015,$3.75,-$0.41,-$2.13,,Heat,,$0.21,,
10/29/2015,$11.00,-$0.62,-$2.53,,Stormy Weather,,$6.85,,
10/29/2015,$15.00,-$0.74,-$3.25,,Soap Complete Series,,$10.02,,
10/30/2015,$8.50,-$0.55,-$2.22,,The Butcher's Wife,,$4.73,,
10/30/2015,,,,-$23.00,Purchased DVDs,,,,
10/31/2015,$4.75,-$0.44,-$2.22,,,,$1.09,,
10/31/2015,$4.95,-$0.44,-$2.35,,,,$1.16,,
10/31/2015,$3.75,-$0.41,-$2.13,,,,$0.21,,
11/1/2015,$4.70,-$0.44,-$2.22,,Thirteen Days,,$1.04,,
11/1/2015,$9.00,-$0.56,-$2.22,,The Bridge,,$5.22,,
11/1/2015,$5.50,-$0.46,-$2.22,,Longshot / They Went That-a-Way,,$1.82,,
11/2/2015,$3.95,-$0.41,-$2.22,,The Boondock Saints,,$0.32,,
11/3/2015,$5.50,-$0.46,-$2.22,,Breakdown,,$1.82,,
11/4/2015,$3.95,-$0.41,-$2.13,,The Man with Two Brains,,$0.41,,
11/4/2015,$3.75,-$0.41,-$2.35,,Reservoir Dogs,,-$0.01,,
11/5/2015,$3.95,-$0.41,-$2.13,,Frequency,,$0.41,,
11/5/2015,$4.45,-$0.43,-$2.22,,Back to School,,$0.80,,
11/5/2015,$4.30,-$0.42,-$2.13,,Caberet,,$0.75,,
11/6/2015,$26.00,-$1.05,-$3.22,-$20.73,Sold The Pragmatic Programmer,,$0.00,,
11/6/2015,$7.79,-$0.53,-$2.13,,Young Frankenstein,,$4.13,,
11/6/2015,$4.15,-$0.42,-$2.22,,What Dreams May Come,,$0.51,,
11/6/2015,$8.00,-$0.53,-$2.13,,The Clan of the Cave Bear,,$4.34,,
11/6/2015,$4.75,-$0.44,-$2.13,,American Hustle,,$1.18,,
,,,,-$20.00,Purchased dvds,,,,
11/7/2015,$6.25,-$0.48,-$2.35,,Mr. Murder,,$2.42,,
11/7/2015,$5.00,-$0.45,-$2.22,,Kiss of Death,,$1.34,,
11/7/2015,$12.00,-$0.65,-$2.13,,How to Succeed in Business Without Really Trying,,$8.22,,
11/8/2015,$3.85,-$0.41,-$2.22,,Munich,,$0.22,,
11/8/2015,$3.75,-$0.41,-$2.22,,Johnson Family Reunion,,$0.12,,
11/8/2015,$3.95,-$0.41,-$2.22,,V for Vendetta,,$0.32,,
11/8/2015,$3.95,-$0.41,-$2.13,,We Are Marshall,,$0.41,,
11/9/2015,$4.25,-$0.42,-$2.22,,Tristam Shandy: A Cock and Bull Story,,$0.61,,
11/9/2015,$15.00,-$0.74,-$2.22,-$8.50,Newhart Season Three,,$2.55,,
11/9/2015,$15.00,-$0.74,-$5.20,,Sold: adidas Athletic Pant,,$8.07,,
11/9/2015,$3.75,-$0.41,-$2.22,,Lady in the Water,,$0.12,,
11/9/2015,$4.25,-$0.42,-$2.22,,The Big Wheel,,$0.61,,
11/11/2015,$4.50,-$0.43,-$2.13,,State and Main ,,$0.94,,
11/11/2015,$5.00,-$0.45,-$2.13,,Moulin Rouge,,$1.43,,
11/12/2015,$3.75,-$0.41,-$2.13,,Titanic,,$0.21,,
11/12/2015,$5.20,-$0.45,-$2.71,,Once Upon a Time in America,,$1.04,,
11/12/2015,$3.95,-$0.41,-$2.22,,Van Helsing,,$0.32,,
11/12/2015,,$0.00,,-$19.40,Purchased packing tape,,-$20.40,,
11/14/2015,$3.90,-$0.41,-$2.22,,L.A. Confidential,,$0.27,,
11/14/2015,$3.75,-$0.41,-$2.22,,The Aviator,,$0.12,,
11/14/2015,$7.00,-$0.50,-$2.13,,The Music Man,,$3.37,,
,,,,-$40.00,Purchased DVDs,,,,
11/15/2015,$3.95,-$0.41,-$2.13,,Four Christmases,,$0.41,,
11/15/2015,$4.20,-$0.42,-$2.13,,Deck the Halls,,$0.65,,
11/15/2015,$4.75,-$0.44,-$2.22,,Rudolph the Red-Nosed Reindeer & the Island of Misfit Toys,,$1.09,,
11/15/2015,$3.85,-$0.41,-$2.22,,Bad Santa UNRATED,,$0.22,,
11/15/2015,$4.95,-$0.44,-$2.35,,Scrooged,,$1.16,,
11/15/2015,$4.50,-$0.43,-$2.22,,Bad Santa,,$0.85,,
11/15/2015,$12.00,-$0.65,-$2.22,,Doo Wop 51,,$8.13,,
11/17/2015,$3.75,-$0.41,-$2.13,,Hotel Rwanda,,$0.21,,
11/17/2015,$3.75,-$0.41,-$2.13,,Mystic River,,$0.21,,
11/17/2015,$6.00,-$0.47,-$2.22,,The Edge,,$2.31,,
11/17/2015,$6.25,-$0.48,-$2.13,,Radio City Christmas Spectacular,,$2.64,,
11/18/2015,$9.00,-$0.56,-$3.22,,NYPD Blue Season 1,,$4.22,,
11/18/2015,$3.95,-$0.41,-$2.22,,Christmas with the Kranks,,$0.32,,
11/18/2015,$4.40,-$0.43,-$2.22,,Fargo,,$0.75,,
11/18/2015,$3.95,-$0.41,-$2.22,,The Shawshank Redemption,,$0.32,,
11/18/2015,$6.25,-$0.48,-$2.22,,The Full Monty,,$2.55,,
11/18/2015,$3.95,-$0.41,-$2.13,,In Love and War,,$0.41,,
11/18/2015,$5.95,-$0.47,-$2.13,,Mixed Nuts,,$2.35,,
11/19/2015,$11.70,-$0.64,-$2.72,,"The Village
Devil's Advocate / Insomnia
Calendar Girls",,$7.34,,
11/19/2015,$3.95,-$0.41,-$2.22,,The Lost Boys,,$0.32,,
11/20/2015,$5.00,-$0.45,-$2.22,,Wet Hot American Summer,,$1.34,,
11/20/2015,$4.75,-$0.44,-$2.22,,The Longest Day,,$1.09,,
11/20/2015,$4.40,-$0.43,-$2.22,,The Big Lebowski,,$0.75,,
11/20/2015,,,,-$54.43,eBay Fees,,,,
11/22/2015,$15.00,-$0.74,-$2.72,,The Jetsons,,-$3.46,,
11/22/2015,$3.95,-$0.41,-$2.35,,The Running Man,,$0.19,,
11/23/2015,$5.50,-$0.46,-$2.42,,The Dead Zone,,$1.62,,
11/23/2015,$5.50,-$0.46,-$2.22,,Waiting for Guffman,,$1.82,,
11/23/2015,$3.95,-$0.41,-$2.22,,Smokin' Aces 2,,$0.32,,
11/23/2015,$4.95,-$0.44,-$2.35,,Raising Arizona,,$1.16,,
11/25/2015,$6.50,-$0.49,-$2.13,,Demolition Man / Over the Top,,$2.88,,
11/26/2015,$14.00,-$0.71,-$2.22,,Judy Garland: The Concert Years,,$10.07,,
11/26/2015,$6.50,-$0.49,-$2.22,,Mean Machine,,$2.79,,
11/27/2015,$3.75,-$0.41,-$2.22,,The Constant Gardener,,$0.12,,
11/28/2015,,,,-$5.00,Purchased DVDs,,,,
11/28/2015,$4.75,-$0.44,-$2.35,,The Shawshank Redemption,,$0.96,,
11/28/2015,$6.00,-$0.47,-$2.22,,War of the Roses,,$2.31,,
11/28/2015,$6.25,-$0.48,-$2.05,,Rhinestone,,$2.72,,
11/28/2015,$3.75,-$0.41,-$2.22,,K-Pax,,$0.12,,
11/29/2015,$4.00,-$0.42,-$2.22,,Dr. Strangelove,,$0.36,,
11/29/2015,$4.50,-$0.43,-$2.13,,The Cannonball Run,,$0.94,,
11/29/2015,$5.75,-$0.47,-$2.22,,Close Encounters of the Third Kind,,$2.06,,
12/1/2015,$5.50,-$0.46,-$2.42,,Darkman Trilogy,,$1.62,,
12/1/2015,$5.75,-$0.47,-$2.22,,The Adventures of Ford Fairlane,,$2.06,,
12/1/2015,$3.95,-$0.41,-$2.22,,Raging Bull,,$0.32,,
12/1/2015,$3.75,-$0.41,-$2.13,,Are We There Yet?,,$0.21,,
12/2/2015,$4.95,-$0.44,-$2.13,,Turner and Hooch,,$1.38,,
12/2/2015,$5.45,-$0.46,-$2.13,,A Chorus Line,,$1.86,,
12/2/2015,$4.95,-$0.44,-$2.13,,Strange Brew,,$1.38,,
12/2/2015,$5.50,-$0.46,-$2.13,,The Inkeepers,,$1.91,,
12/2/2015,$3.95,-$0.41,-$2.22,,The 6th Day,,$0.32,,
12/3/2015,$4.00,-$0.42,-$2.22,,Eddie Murphy: Delirious,,$0.36,,
12/3/2015,$4.00,-$0.42,-$2.22,,Brother Where Are Thou?,,$0.36,,
12/3/2015,$3.75,-$0.41,-$2.13,,Superhero Movie,,$0.21,,
12/4/2015,$3.95,-$0.41,-$2.13,,Red Eye,,$0.41,,
12/4/2015,$9.00,-$0.56,-$2.53,-$11.90,Night Court Season 2,,-$6.99,,
12/4/2015,$3.75,-$0.41,-$2.22,,Freaky Friday,,$0.12,,
12/5/2015,$5.00,-$0.45,,,The Grapes of Wrath,,$3.56,,
12/5/2015,$5.00,-$0.45,-$2.13,,Les Miserables (2014),,$1.43,,
12/5/2015,$4.95,-$0.44,-$2.22,,What About Bob?,,$1.29,,
12/5/2015,$3.95,-$0.41,-$2.22,,The American President,,$0.32,,
12/5/2015,,,,-$30.00,Purchased DVDs,,,,
12/6/2015,$3.85,-$0.41,-$2.13,,King's Ransom,,$0.31,,
12/6/2015,$7.00,-$0.50,-$2.13,,Christmas Vacation,,$3.37,,
12/6/2015,$3.95,-$0.41,-$2.22,,The Devil Wears Prada,,$0.32,,
12/6/2015,$4.95,-$0.44,-$2.22,,What About Bob?,,$1.29,,
12/6/2015,$3.90,-$0.41,-$2.53,,Walk Hard,,-$0.04,,
12/8/2015,$4.95,-$0.44,-$2.22,,Ghostbusters,,$1.29,,
12/9/2015,$14.00,-$0.71,-$2.71,-$12.19,Hill Street Blues Season 2,,-$2.61,,
12/9/2015,$4.70,-$0.44,-$2.22,,Hang 'em High,,$1.04,,
12/10/2015,$5.00,-$0.45,-$2.35,,The Consipirator,,$1.21,,
12/12/2015,$3.90,-$0.41,-$2.22,,The Forbidden Kingdom,,$0.27,,
12/12/2015,$3.75,-$0.41,-$2.22,,Mannequin 2: On the Move,,$0.12,,
12/14/2015,$60.00,-$2.04,-$3.72,-$53.24,Looney Tunes Golden Collection,,$0.00,,
12/14/2015,$4.00,-$0.42,-$2.22,,Serenity,,$0.36,,
12/14/2015,$4.00,-$0.42,-$2.22,,Serenity,,$0.36,,
12/14/2015,$5.00,-$0.45,-$2.22,,Cliffhanger,,$1.34,,
12/14/2015,$5.50,-$0.46,-$2.22,,Escape from New York,,$1.82,,
12/16/2015,$4.75,-$0.44,-$2.22,,Love Story,,$1.09,,
12/16/2015,$4.15,-$0.42,-$2.22,,The Spy Who Loved Me,,$0.51,,
12/17/2015,$4.75,-$0.44,-$2.22,,Ben-Hur,,$1.09,,
12/17/2015,$9.00,-$0.56,-$2.13,,Les Miserables: In Concert O2 25th Anniversary,,$5.31,,
12/18/2015,$4.45,-$0.43,-$2.53,,The Manchurian Candidate (1962),,$0.49,,
12/18/2015,$4.75,-$0.44,-$2.22,,The Waterboy,,$1.09,,
12/18/2015,$4.75,-$0.44,-$2.22,,The Toy,,$1.09,,
12/19/2015,$4.95,-$0.44,-$2.22,,The Hitchiker's Guide to the Galaxy,,$1.29,,
12/20/2015,,$0.00,,-$55.84,eBay Fees,,-$56.84,,
12/21/2015,,$0.00,,-$4.98,Packing tape,,-$5.98,,
12/21/2015,$60.00,-$2.04,,-$56.96,Nume Curling Wand Pink,,$0.00,,
12/21/2015,$3.75,-$0.41,-$2.22,,The Girl Next Door,,$0.12,,
12/21/2015,$3.75,-$0.41,-$2.22,,The Descent,,$0.12,,
12/23/2015,$3.90,-$0.41,-$2.22,,Rambo: The Fight Continues,,$0.27,,
12/24/2015,$6.00,-$0.47,-$2.22,,SNL: Best of Eddie Murphy,,$2.31,,
12/24/2015,$3.95,-$0.41,-$2.22,,Basic Instinct 2,,$0.32,,
12/26/2015,,$0.00,,-$22.00,Purchased DVDs,,-$23.00,,
12/27/2015,$4.50,-$0.43,-$2.22,,"Planes, Trains and Automobiles",,$0.85,,
12/27/2015,$100.00,-$3.20,-$3.22,,The Prisoner,,$92.58,,
12/27/2015,$8.88,-$0.56,-$2.13,,Rhinestone,,$5.19,,
12/27/2015,$3.75,-$0.41,-$2.22,,Unleashed,,$0.12,,
12/27/2015,$3.95,-$0.41,-$2.22,,25th Hour,,$0.32,,
12/27/2015,$5.00,-$0.45,-$2.22,,Spun,,$1.34,,
12/27/2015,$5.45,-$0.46,-$2.22,,The Next Three Days,,$1.77,,
12/29/2015,$3.95,-$0.41,-$2.22,,Equillibrium,,$0.32,,
12/29/2015,$4.95,-$0.44,-$2.22,,Another Day in Paradise,,$1.29,,
12/29/2015,$4.75,-$0.44,-$2.22,,Paranormal Activity 4,,$1.09,,
12/29/2015,$27.00,-$1.08,-$2.71,-$24.74,Kojak Season 4,,-$2.53,,
12/29/2015,$10.00,-$0.59,-$2.53,,Star Wars II: Attack of the Clones,,$5.88,,
12/29/2015,$15.00,-$0.74,-$2.53,,Star Wars I: The Phantom Menace,,$10.74,,
12/29/2015,$15.00,-$0.74,-$2.35,,Star Wars III: Revenge of the Sith,,$10.92,,
12/30/2015,$6.00,-$0.47,-$2.22,,The Jerk,,$2.31,,
12/30/2015,$7.00,-$0.50,-$2.72,,The Carol Burnett Show: Carol's Favorites,,$2.78,,
12/31/2015,$4.00,-$0.42,-$2.22,,Silent Hill,,$0.36,,
12/31/2015,$5.00,-$0.45,-$2.13,,Turner and Hooch,,$1.43,,
,,$0.00,,,,,-$1.00,,
,,$0.00,,,,,-$1.00,,
,,$0.00,,,,,-$1.00,,
,,$0.00,,,,,-$1.00,,
,,$0.00,,,,,-$1.00,,
,,$0.00,,,,,-$1.00,,
,,$0.00,,,,,-$1.00,,
,,$0.00,,,,,-$1.00,,
,,$0.00,,,,,-$1.00,,
,,$0.00,,,,,-$1.00,,
,,$0.00,,,,,-$1.00,,
,,$0.00,,,,,-$1.00,,
,,$0.00,,,,,-$1.00,,
,,$0.00,,,,,-$1.00,,
,,$0.00,,,,,-$1.00,,
,,$0.00,,,,,-$1.00,,
,,$0.00,,,,,-$1.00,,
,,$0.00,,,,,-$1.00,,
,,$0.00,,,,,-$1.00,,
,,$0.00,,,,,-$1.00,,
,,$0.00,,,,,-$1.00,,